OBJECT_NAME,OBJECT_IDENTIFIER,OBJECT_DATA_TYPE,OBJECT_PREMISSIONS,OBJECT_CLASS,OBJECT_NODE_TYPE,OBJECT_DESCRIPTION
cisco,1.3.6.1.4.1.9,,,objectidentity,,""
products,1.3.6.1.4.1.9.1,,,objectidentity,,""
gateway_server,1.3.6.1.4.1.9.1.1,,,objectidentity,,""
terminal_server,1.3.6.1.4.1.9.1.2,,,objectidentity,,""
trouter,1.3.6.1.4.1.9.1.3,,,objectidentity,,""
protocol_translator,1.3.6.1.4.1.9.1.4,,,objectidentity,,""
igs_sysID,1.3.6.1.4.1.9.1.5,,,objectidentity,,""
c3000_sysID,1.3.6.1.4.1.9.1.6,,,objectidentity,,""
c4000_sysID,1.3.6.1.4.1.9.1.7,,,objectidentity,,""
c7000_sysID,1.3.6.1.4.1.9.1.8,,,objectidentity,,""
cs_500_sysID,1.3.6.1.4.1.9.1.9,,,objectidentity,,""
c2000_sysID,1.3.6.1.4.1.9.1.10,,,objectidentity,,""
agsplus_sysID,1.3.6.1.4.1.9.1.11,,,objectidentity,,""
c7010_sysID,1.3.6.1.4.1.9.1.12,,,objectidentity,,""
c2500_sysID,1.3.6.1.4.1.9.1.13,,,objectidentity,,""
c4500_sysID,1.3.6.1.4.1.9.1.14,,,objectidentity,,""
local,1.3.6.1.4.1.9.2,,,objectidentity,,""
lsystem,1.3.6.1.4.1.9.2.1,,,objectidentity,,""
romId,1.3.6.1.4.1.9.2.1.1,displaystring,read-only,objecttype,scalar,"This variable contains a printable octet string which contains the System Bootstrap description and version identification."
whyReload,1.3.6.1.4.1.9.2.1.2,displaystring,read-only,objecttype,scalar,"This variable contains a printable octet -- cisco MIB [Page 3] -- -- Request for Comments: Draft cisco Systems, Inc. string which contains the reason why the system was last restarted."
hostName,1.3.6.1.4.1.9.2.1.3,displaystring,read-only,objecttype,scalar,"This variable represents the name of the host in printable ascii characters."
domainName,1.3.6.1.4.1.9.2.1.4,displaystring,read-only,objecttype,scalar,"This variable is the domain portion of the domain name of the host."
authAddr,1.3.6.1.4.1.9.2.1.5,ipaddress,read-only,objecttype,scalar,"This variable contains the last SNMP authorization failure IP address."
bootHost,1.3.6.1.4.1.9.2.1.6,ipaddress,read-only,objecttype,scalar,"Contains the IP address of the host that supplied the currently running software."
ping,1.3.6.1.4.1.9.2.1.7,integer,read-write,objecttype,scalar,"Supplies a way to ping a host from this entity. The ping variable takes the following instance identifiers: 1 - IP protocol ping. IP - address to ping. integer - count of packets to send. integer - size of ping packet. integer - timeout delay between packets."
freeMem,1.3.6.1.4.1.9.2.1.8,integer,read-only,objecttype,scalar,"Return the amount of free memory in bytes."
bufferElFree,1.3.6.1.4.1.9.2.1.9,integer,read-only,objecttype,scalar,"Contains the number of free buffer elements."
bufferElMax,1.3.6.1.4.1.9.2.1.10,integer,read-only,objecttype,scalar,"Contains the maximum number of buffer elements."
bufferElHit,1.3.6.1.4.1.9.2.1.11,integer,read-only,objecttype,scalar,"Contains the number of buffer element hits."
bufferElMiss,1.3.6.1.4.1.9.2.1.12,integer,read-only,objecttype,scalar,"Contains the number of buffer element misses."
bufferElCreate,1.3.6.1.4.1.9.2.1.13,integer,read-only,objecttype,scalar,"Contains the number of buffer element creates."
bufferSmSize,1.3.6.1.4.1.9.2.1.14,integer,read-only,objecttype,scalar,"Contains the size of small buffers."
bufferSmTotal,1.3.6.1.4.1.9.2.1.15,integer,read-only,objecttype,scalar,"Contains the total number of small buffers."
bufferSmFree,1.3.6.1.4.1.9.2.1.16,integer,read-only,objecttype,scalar,"Contains the number of free small buffers."
bufferSmMax,1.3.6.1.4.1.9.2.1.17,integer,read-only,objecttype,scalar,"Contains the maximum number of small buffers."
bufferSmHit,1.3.6.1.4.1.9.2.1.18,integer,read-only,objecttype,scalar,"Contains the number of small buffer hits."
bufferSmMiss,1.3.6.1.4.1.9.2.1.19,integer,read-only,objecttype,scalar,"Contains the number of small buffer misses."
bufferSmTrim,1.3.6.1.4.1.9.2.1.20,integer,read-only,objecttype,scalar,"Contains the number of small buffer trims."
bufferSmCreate,1.3.6.1.4.1.9.2.1.21,integer,read-only,objecttype,scalar,"Contains the number of small buffer creates."
bufferMdSize,1.3.6.1.4.1.9.2.1.22,integer,read-only,objecttype,scalar,"Contains the size of medium buffers."
bufferMdTotal,1.3.6.1.4.1.9.2.1.23,integer,read-only,objecttype,scalar,"Contains the total number of medium buffers."
bufferMdFree,1.3.6.1.4.1.9.2.1.24,integer,read-only,objecttype,scalar,"Contains the number of free medium buffers."
bufferMdMax,1.3.6.1.4.1.9.2.1.25,integer,read-only,objecttype,scalar,"Contains the maximum number of medium buffers."
bufferMdHit,1.3.6.1.4.1.9.2.1.26,integer,read-only,objecttype,scalar,"Contains the number of medium buffer hits."
bufferMdMiss,1.3.6.1.4.1.9.2.1.27,integer,read-only,objecttype,scalar,"Contains the number of medium buffer misses."
bufferMdTrim,1.3.6.1.4.1.9.2.1.28,integer,read-only,objecttype,scalar,"Contains the number of medium buffer trims."
bufferMdCreate,1.3.6.1.4.1.9.2.1.29,integer,read-only,objecttype,scalar,"Contains the number of medium buffer creates."
bufferBgSize,1.3.6.1.4.1.9.2.1.30,integer,read-only,objecttype,scalar,"Contains the size of big buffers."
bufferBgTotal,1.3.6.1.4.1.9.2.1.31,integer,read-only,objecttype,scalar,"Contains the total number of big buffers."
bufferBgFree,1.3.6.1.4.1.9.2.1.32,integer,read-only,objecttype,scalar,"Contains the number of free big buffers."
bufferBgMax,1.3.6.1.4.1.9.2.1.33,integer,read-only,objecttype,scalar,"Contains the maximum number of big buffers."
bufferBgHit,1.3.6.1.4.1.9.2.1.34,integer,read-only,objecttype,scalar,"Contains the number of big buffer hits."
bufferBgMiss,1.3.6.1.4.1.9.2.1.35,integer,read-only,objecttype,scalar,"Contains the number of big buffer misses."
bufferBgTrim,1.3.6.1.4.1.9.2.1.36,integer,read-only,objecttype,scalar,"Contains the number of big buffer trims."
bufferBgCreate,1.3.6.1.4.1.9.2.1.37,integer,read-only,objecttype,scalar,"Contains the number of big buffer creates."
bufferLgSize,1.3.6.1.4.1.9.2.1.38,integer,read-only,objecttype,scalar,"Contains the size of large buffers."
bufferLgTotal,1.3.6.1.4.1.9.2.1.39,integer,read-only,objecttype,scalar,"Contains the total number of large buffers."
bufferLgFree,1.3.6.1.4.1.9.2.1.40,integer,read-only,objecttype,scalar,"Contains the number of free large buffers."
bufferLgMax,1.3.6.1.4.1.9.2.1.41,integer,read-only,objecttype,scalar,"Contains the maximum number of large buffers."
bufferLgHit,1.3.6.1.4.1.9.2.1.42,integer,read-only,objecttype,scalar,"Contains the number of large buffer hits."
bufferLgMiss,1.3.6.1.4.1.9.2.1.43,integer,read-only,objecttype,scalar,"Contains the number of large buffer misses."
bufferLgTrim,1.3.6.1.4.1.9.2.1.44,integer,read-only,objecttype,scalar,"Contains the number of large buffer trims."
bufferLgCreate,1.3.6.1.4.1.9.2.1.45,integer,read-only,objecttype,scalar,"Contains the number of large buffer creates."
bufferFail,1.3.6.1.4.1.9.2.1.46,integer,read-only,objecttype,scalar,"Count of the number of buffer allocation failures."
bufferNoMem,1.3.6.1.4.1.9.2.1.47,integer,read-only,objecttype,scalar,"Count of the number of buffer create failures due to no free memory."
netConfigAddr,1.3.6.1.4.1.9.2.1.48,ipaddress,read-only,objecttype,scalar,"Holds the address of the host that supplied the network-confg file."
netConfigName,1.3.6.1.4.1.9.2.1.49,displaystring,read-only,objecttype,scalar,"Holds the name of the network configuration file."
netConfigSet,1.3.6.1.4.1.9.2.1.50,displaystring,read-write,objecttype,scalar,"Permit the loading of a new network-confg file using TFTP."
hostConfigAddr,1.3.6.1.4.1.9.2.1.51,ipaddress,read-only,objecttype,scalar,"Contains the address of the host that provided the host-config file."
hostConfigName,1.3.6.1.4.1.9.2.1.52,displaystring,read-only,objecttype,scalar,"Contains the name of the last configured host-confg file."
hostConfigSet,1.3.6.1.4.1.9.2.1.53,displaystring,read-write,objecttype,scalar,"Permit the loading of a new host-confg file using TFTP."
writeMem,1.3.6.1.4.1.9.2.1.54,integer,read-write,objecttype,scalar,"Write configuration into non-volatile memory / erase config memory if 0."
writeNet,1.3.6.1.4.1.9.2.1.55,displaystring,read-write,objecttype,scalar,"Write configuration to host using TFTP."
busyPer,1.3.6.1.4.1.9.2.1.56,integer,read-only,objecttype,scalar,"CPU busy percentage in the last 5 second period. Not the last 5 realtime seconds but the last 5 second period in the scheduler."
avgBusy1,1.3.6.1.4.1.9.2.1.57,integer,read-only,objecttype,scalar,"1 minute exponentially-decayed moving average of the CPU busy percentage."
avgBusy5,1.3.6.1.4.1.9.2.1.58,integer,read-only,objecttype,scalar,"5 minute exponentially-decayed moving average of the CPU busy percentage."
idleCount,1.3.6.1.4.1.9.2.1.59,integer,read-write,objecttype,scalar,"cisco internal variable. not to be used"
idleWired,1.3.6.1.4.1.9.2.1.60,integer,read-write,objecttype,scalar,"cisco internal variable. not to be used"
ciscoContactInfo,1.3.6.1.4.1.9.2.1.61,displaystring,read-only,objecttype,scalar,"cisco's name and address"
bufferHgSize,1.3.6.1.4.1.9.2.1.62,integer,read-only,objecttype,scalar,"Contains the size of huge buffers."
bufferHgTotal,1.3.6.1.4.1.9.2.1.63,integer,read-only,objecttype,scalar,"Contains the total number of huge buffers."
bufferHgFree,1.3.6.1.4.1.9.2.1.64,integer,read-only,objecttype,scalar,"Contains the number of free huge buffers."
bufferHgMax,1.3.6.1.4.1.9.2.1.65,integer,read-only,objecttype,scalar,"Contains the maximum number of huge -- cisco MIB [Page 15] -- -- Request for Comments: Draft cisco Systems, Inc. buffers."
bufferHgHit,1.3.6.1.4.1.9.2.1.66,integer,read-only,objecttype,scalar,"Contains the number of huge buffer hits."
bufferHgMiss,1.3.6.1.4.1.9.2.1.67,integer,read-only,objecttype,scalar,"Contains the number of huge buffer misses."
bufferHgTrim,1.3.6.1.4.1.9.2.1.68,integer,read-only,objecttype,scalar,"Contains the number of huge buffer trims."
bufferHgCreate,1.3.6.1.4.1.9.2.1.69,integer,read-only,objecttype,scalar,"Contains the number of huge buffer creates."
netConfigProto,1.3.6.1.4.1.9.2.1.70,integer,read-only,objecttype,scalar,"Holds the protocol that supplied the network-confg file."
hostConfigProto,1.3.6.1.4.1.9.2.1.71,integer,read-only,objecttype,scalar,"Holds the protocol that supplied the host- confg file."
sysConfigAddr,1.3.6.1.4.1.9.2.1.72,ipaddress,read-only,objecttype,scalar,"Holds the address of the host that supplied the system boot image."
sysConfigName,1.3.6.1.4.1.9.2.1.73,displaystring,read-only,objecttype,scalar,"Holds the name of the system boot image."
sysConfigProto,1.3.6.1.4.1.9.2.1.74,integer,read-only,objecttype,scalar,"Holds the protocol that supplied the system boot image."
sysClearARP,1.3.6.1.4.1.9.2.1.75,integer,read-write,objecttype,scalar,"Perform a clearing of the entire ARP cache and invalidation of route caches."
sysClearInt,1.3.6.1.4.1.9.2.1.76,integer,read-write,objecttype,scalar,"Clear interface given IfIndex as value."
envPresent,1.3.6.1.4.1.9.2.1.77,integer,read-only,objecttype,scalar,"Is there an environmental monitor card in this box?, 0 - No, 1-AGS card present, wrong firmware, 2-AGS CARD present, firmware ok, 3-7000 support"
envTestPt1Descr,1.3.6.1.4.1.9.2.1.78,displaystring,read-only,objecttype,scalar,"Description of the test point 1. Typically ambient air or the temperature of air entering the router"
envTestPt1Measure,1.3.6.1.4.1.9.2.1.79,integer,read-only,objecttype,scalar,"Current value of test point 1. Typically a temperature in centigrade."
envTestPt2Descr,1.3.6.1.4.1.9.2.1.80,displaystring,read-only,objecttype,scalar,"Description of the test point 2. Typically airflow or the temperature of air leaving the router"
envTestPt2Measure,1.3.6.1.4.1.9.2.1.81,integer,read-only,objecttype,scalar,"Current value of test point 2. Typically a temperature in centigrade."
envTestPt3Descr,1.3.6.1.4.1.9.2.1.82,displaystring,read-only,objecttype,scalar,"Description of the test point 3. Typically +5 volt"
envTestPt3Measure,1.3.6.1.4.1.9.2.1.83,integer,read-only,objecttype,scalar,"Current value of test point 3. Typically the value in millivolts of the +5v supply"
envTestPt4Descr,1.3.6.1.4.1.9.2.1.84,displaystring,read-only,objecttype,scalar,"Description of the test point 4. Typically +12 volt"
envTestPt4Measure,1.3.6.1.4.1.9.2.1.85,integer,read-only,objecttype,scalar,"Current value of test point 4. Typically the value in millivolts of the +12v supply"
envTestPt5Descr,1.3.6.1.4.1.9.2.1.86,displaystring,read-only,objecttype,scalar,"Description of the test point 5. Typically -12 volt"
envTestPt5Measure,1.3.6.1.4.1.9.2.1.87,integer,read-only,objecttype,scalar,"Current value of test point 5. Typically the value in millivolts of the -12v supply"
envTestPt6Descr,1.3.6.1.4.1.9.2.1.88,displaystring,read-only,objecttype,scalar,"Description of the test point 6. Typically -5 volt"
envTestPt6Measure,1.3.6.1.4.1.9.2.1.89,integer,read-only,objecttype,scalar,"Current value of test point 6. Typically the value in millivolts of the -5v supply"
envTestPt1MarginVal,1.3.6.1.4.1.9.2.1.90,integer,read-only,objecttype,scalar,"Value at which the router will shutdown. Typically the ambient air temperature that will shut the router down. (e.g. 43)"
envTestPt2MarginVal,1.3.6.1.4.1.9.2.1.91,integer,read-only,objecttype,scalar,"Value at which the router will shutdown. Typically the airflow air temperature that will shut the router down. (e.g. 58)"
envTestPt3MarginPercent,1.3.6.1.4.1.9.2.1.92,integer,read-only,objecttype,scalar,"+/- Percentage that will shut the router down, (e.g. 10%) typically +5 volt"
envTestPt4MarginPercent,1.3.6.1.4.1.9.2.1.93,integer,read-only,objecttype,scalar,"+/- Percentage that will shut the router down, (e.g. 15%) typically +12 volt"
envTestPt5MarginPercent,1.3.6.1.4.1.9.2.1.94,integer,read-only,objecttype,scalar,"+/- Percentage that will shut the router down, (e.g. 15%) typically -12 volt"
envTestPt6MarginPercent,1.3.6.1.4.1.9.2.1.95,integer,read-only,objecttype,scalar,"+/- Percentage that will shut the router down, (e.g. 10%) typically -5 volt"
envTestPt1last,1.3.6.1.4.1.9.2.1.96,integer,read-only,objecttype,scalar,"Value of TestPt1 when last shutdown occurred."
envTestPt2last,1.3.6.1.4.1.9.2.1.97,integer,read-only,objecttype,scalar,"Value of TestPt2 when last shutdown occurred."
envTestPt3last,1.3.6.1.4.1.9.2.1.98,integer,read-only,objecttype,scalar,"Value of TestPt3 when last shutdown occurred."
envTestPt4last,1.3.6.1.4.1.9.2.1.99,integer,read-only,objecttype,scalar,"Value of TestPt4 when last shutdown occurred."
envTestPt5last,1.3.6.1.4.1.9.2.1.100,integer,read-only,objecttype,scalar,"Value of TestPt5 when last shutdown occurred."
envTestPt6last,1.3.6.1.4.1.9.2.1.101,integer,read-only,objecttype,scalar,"Value of TestPt6 when last shutdown occurred."
envTestPt1warn,1.3.6.1.4.1.9.2.1.102,integer,read-only,objecttype,scalar,"Is this test point at a warning level? Enumeration: 'noWarning': 2, 'warning': 1."
envTestPt2warn,1.3.6.1.4.1.9.2.1.103,integer,read-only,objecttype,scalar,"Is this test point at a warning level? Enumeration: 'noWarning': 2, 'warning': 1."
envTestPt3warn,1.3.6.1.4.1.9.2.1.104,integer,read-only,objecttype,scalar,"Is this test point at a warning level? Enumeration: 'noWarning': 2, 'warning': 1."
envTestPt4warn,1.3.6.1.4.1.9.2.1.105,integer,read-only,objecttype,scalar,"Is this test point at a warning level? Enumeration: 'noWarning': 2, 'warning': 1."
envTestPt5warn,1.3.6.1.4.1.9.2.1.106,integer,read-only,objecttype,scalar,"Is this test point at a warning level? Enumeration: 'noWarning': 2, 'warning': 1."
envTestPt6warn,1.3.6.1.4.1.9.2.1.107,integer,read-only,objecttype,scalar,"Is this test point at a warning level? Enumeration: 'noWarning': 2, 'warning': 1."
envFirmVersion,1.3.6.1.4.1.9.2.1.108,displaystring,read-only,objecttype,scalar,"Description of Environmental Card firmware"
envTechnicianID,1.3.6.1.4.1.9.2.1.109,displaystring,read-only,objecttype,scalar,"Technician ID"
envType,1.3.6.1.4.1.9.2.1.110,displaystring,read-only,objecttype,scalar,"The type of environmental card"
envBurnDate,1.3.6.1.4.1.9.2.1.111,displaystring,read-only,objecttype,scalar,"The calibration / burn in date"
envSerialNumber,1.3.6.1.4.1.9.2.1.112,displaystring,read-only,objecttype,scalar,"Serial Number of environmental monitor card"
linterfaces,1.3.6.1.4.1.9.2.2,,,objectidentity,,""
lifTable,1.3.6.1.4.1.9.2.2.1,,no-access,objecttype,table,"A list of interface entries."
lifEntry,1.3.6.1.4.1.9.2.2.1.1,,no-access,objecttype,row,"A collection of additional objects in the cisco interface."
locIfHardType,1.3.6.1.4.1.9.2.2.1.1.1,displaystring,read-only,objecttype,column,"Returns the type of interface."
locIfLineProt,1.3.6.1.4.1.9.2.2.1.1.2,integer,read-only,objecttype,column,"Boolean whether interface line protocol is up or not."
locIfLastIn,1.3.6.1.4.1.9.2.2.1.1.3,integer,read-only,objecttype,column,"Elapsed time in milliseconds since last line protocol input packet was received."
locIfLastOut,1.3.6.1.4.1.9.2.2.1.1.4,integer,read-only,objecttype,column,"Elapsed time in milliseconds since last line protocol output packet was transmitted."
locIfLastOutHang,1.3.6.1.4.1.9.2.2.1.1.5,integer,read-only,objecttype,column,"Elapsed time in milliseconds since last line protocol output packet could not be successfully transmitted."
locIfInBitsSec,1.3.6.1.4.1.9.2.2.1.1.6,integer,read-only,objecttype,column,"Five minute exponentially-decayed moving average of input bits per second."
locIfInPktsSec,1.3.6.1.4.1.9.2.2.1.1.7,integer,read-only,objecttype,column,"Five minute exponentially-decayed moving average of input packets per second."
locIfOutBitsSec,1.3.6.1.4.1.9.2.2.1.1.8,integer,read-only,objecttype,column,"Five minute exponentially-decayed moving average of output bits per second."
locIfOutPktsSec,1.3.6.1.4.1.9.2.2.1.1.9,integer,read-only,objecttype,column,"Five minute exponentially-decayed moving average of output packets per second."
locIfInRunts,1.3.6.1.4.1.9.2.2.1.1.10,integer,read-only,objecttype,column,"Number of packets input which were smaller then the allowable physical media permitted."
locIfInGiants,1.3.6.1.4.1.9.2.2.1.1.11,integer,read-only,objecttype,column,"Number of input packets which were larger then the physical media permitted."
locIfInCRC,1.3.6.1.4.1.9.2.2.1.1.12,integer,read-only,objecttype,column,"Number of input packets which had cyclic redundancy checksum errors."
locIfInFrame,1.3.6.1.4.1.9.2.2.1.1.13,integer,read-only,objecttype,column,"Number of input packet which were misaligned."
locIfInOverrun,1.3.6.1.4.1.9.2.2.1.1.14,integer,read-only,objecttype,column,"Count of input which arrived too quickly for the to hardware receive."
locIfInIgnored,1.3.6.1.4.1.9.2.2.1.1.15,integer,read-only,objecttype,column,"Number of input packets which were simply ignored by this interface."
locIfInAbort,1.3.6.1.4.1.9.2.2.1.1.16,integer,read-only,objecttype,column,"Number of input packets which were aborted."
locIfResets,1.3.6.1.4.1.9.2.2.1.1.17,integer,read-only,objecttype,column,"Number of times the interface internally reset."
locIfRestarts,1.3.6.1.4.1.9.2.2.1.1.18,integer,read-only,objecttype,column,"Number of times interface needed to be completely restarted."
locIfKeep,1.3.6.1.4.1.9.2.2.1.1.19,integer,read-only,objecttype,column,"Boolean whether keepalives are enabled on this interface."
locIfReason,1.3.6.1.4.1.9.2.2.1.1.20,displaystring,read-only,objecttype,column,"Reason for interface last status change."
locIfCarTrans,1.3.6.1.4.1.9.2.2.1.1.21,integer,read-only,objecttype,column,"Number of times interface saw the carrier signal transition."
locIfReliab,1.3.6.1.4.1.9.2.2.1.1.22,integer,read-only,objecttype,column,"The reliability of the interface. Used by IGRP."
locIfDelay,1.3.6.1.4.1.9.2.2.1.1.23,integer,read-only,objecttype,column,"The amount of delay in microseconds of the interface. Used by IGRP."
locIfLoad,1.3.6.1.4.1.9.2.2.1.1.24,integer,read-only,objecttype,column,"The loading factor of the interface. Used by IGRP."
locIfCollisions,1.3.6.1.4.1.9.2.2.1.1.25,integer,read-only,objecttype,column,"The number of output collisions detected on this interface."
locIfInputQueueDrops,1.3.6.1.4.1.9.2.2.1.1.26,integer,read-only,objecttype,column,"The number of packets dropped because the input queue was full."
locIfOutputQueueDrops,1.3.6.1.4.1.9.2.2.1.1.27,integer,read-only,objecttype,column,"The number of packets dropped because the output queue was full."
locIfDescr,1.3.6.1.4.1.9.2.2.1.1.28,displaystring,read-write,objecttype,column,"User configurable interface description."
locIfSlowInPkts,1.3.6.1.4.1.9.2.2.1.1.30,counter,read-only,objecttype,column,"Packet count for Inbound traffic routed with slow switching"
locIfSlowOutPkts,1.3.6.1.4.1.9.2.2.1.1.31,counter,read-only,objecttype,column,"Packet count for Outbound traffic routed with slow switching"
locIfSlowInOctets,1.3.6.1.4.1.9.2.2.1.1.32,counter,read-only,objecttype,column,"Octet count for Inbound traffic routed with slow switching"
locIfSlowOutOctets,1.3.6.1.4.1.9.2.2.1.1.33,counter,read-only,objecttype,column,"Octet count for Outbound traffic routed with slow switching"
locIfFastInPkts,1.3.6.1.4.1.9.2.2.1.1.34,counter,read-only,objecttype,column,"Packet count for Inbound traffic routed with fast switching"
locIfFastOutPkts,1.3.6.1.4.1.9.2.2.1.1.35,counter,read-only,objecttype,column,"Packet count for Outbound traffic routed with fast switching"
locIfFastInOctets,1.3.6.1.4.1.9.2.2.1.1.36,counter,read-only,objecttype,column,"Octet count for Inbound traffic routed with fast switching"
locIfFastOutOctets,1.3.6.1.4.1.9.2.2.1.1.37,counter,read-only,objecttype,column,"Octet count for Outbound traffic routed with fast switching"
locIfotherInPkts,1.3.6.1.4.1.9.2.2.1.1.38,counter,read-only,objecttype,column,"Other protocol input packet count"
locIfotherOutPkts,1.3.6.1.4.1.9.2.2.1.1.39,counter,read-only,objecttype,column,"Other protocol output packet count"
locIfotherInOctets,1.3.6.1.4.1.9.2.2.1.1.40,counter,read-only,objecttype,column,"Other protocol input octet count"
locIfotherOutOctets,1.3.6.1.4.1.9.2.2.1.1.41,counter,read-only,objecttype,column,"Other protocol output octet count"
locIfipInPkts,1.3.6.1.4.1.9.2.2.1.1.42,counter,read-only,objecttype,column,"ip protocol input packet count"
locIfipOutPkts,1.3.6.1.4.1.9.2.2.1.1.43,counter,read-only,objecttype,column,"ip protocol output packet count"
locIfipInOctets,1.3.6.1.4.1.9.2.2.1.1.44,counter,read-only,objecttype,column,"ip protocol input octet count"
locIfipOutOctets,1.3.6.1.4.1.9.2.2.1.1.45,counter,read-only,objecttype,column,"ip protocol output octet count"
locIfdecnetInPkts,1.3.6.1.4.1.9.2.2.1.1.46,counter,read-only,objecttype,column,"Decnet protocol input packet count"
locIfdecnetOutPkts,1.3.6.1.4.1.9.2.2.1.1.47,counter,read-only,objecttype,column,"Decnet protocol output packet count"
locIfdecnetInOctets,1.3.6.1.4.1.9.2.2.1.1.48,counter,read-only,objecttype,column,"Decnet protocol input byte count"
locIfdecnetOutOctets,1.3.6.1.4.1.9.2.2.1.1.49,counter,read-only,objecttype,column,"Decnet protocol output byte count"
locIfxnsInPkts,1.3.6.1.4.1.9.2.2.1.1.50,counter,read-only,objecttype,column,"XNS protocol input packet count"
locIfxnsOutPkts,1.3.6.1.4.1.9.2.2.1.1.51,counter,read-only,objecttype,column,"XNS protocol output packet count"
locIfxnsInOctets,1.3.6.1.4.1.9.2.2.1.1.52,counter,read-only,objecttype,column,"XNS protocol input byte count"
locIfxnsOutOctets,1.3.6.1.4.1.9.2.2.1.1.53,counter,read-only,objecttype,column,"XNS protocol output byte count"
locIfclnsInPkts,1.3.6.1.4.1.9.2.2.1.1.54,counter,read-only,objecttype,column,"CLNS protocol input packet count"
locIfclnsOutPkts,1.3.6.1.4.1.9.2.2.1.1.55,counter,read-only,objecttype,column,"CLNS protocol output packet count"
locIfclnsInOctets,1.3.6.1.4.1.9.2.2.1.1.56,counter,read-only,objecttype,column,"CLNS protocol input byte count"
locIfclnsOutOctets,1.3.6.1.4.1.9.2.2.1.1.57,counter,read-only,objecttype,column,"CLNS protocol output byte count"
locIfappletalkInPkts,1.3.6.1.4.1.9.2.2.1.1.58,counter,read-only,objecttype,column,"Appletalk protocol input packet count"
locIfappletalkOutPkts,1.3.6.1.4.1.9.2.2.1.1.59,counter,read-only,objecttype,column,"Appletalk protocol output packet count"
locIfappletalkInOctets,1.3.6.1.4.1.9.2.2.1.1.60,counter,read-only,objecttype,column,"Appletalk protocol input octet count"
locIfappletalkOutOctets,1.3.6.1.4.1.9.2.2.1.1.61,counter,read-only,objecttype,column,"Appletalk protocol output octet count"
locIfnovellInPkts,1.3.6.1.4.1.9.2.2.1.1.62,counter,read-only,objecttype,column,"Novell protocol input packet count"
locIfnovellOutPkts,1.3.6.1.4.1.9.2.2.1.1.63,counter,read-only,objecttype,column,"Novell protocol output packet count"
locIfnovellInOctets,1.3.6.1.4.1.9.2.2.1.1.64,counter,read-only,objecttype,column,"Novell protocol input octet count"
locIfnovellOutOctets,1.3.6.1.4.1.9.2.2.1.1.65,counter,read-only,objecttype,column,"Novell protocol output octet count"
locIfapolloInPkts,1.3.6.1.4.1.9.2.2.1.1.66,counter,read-only,objecttype,column,"Apollo protocol input packet count"
locIfapolloOutPkts,1.3.6.1.4.1.9.2.2.1.1.67,counter,read-only,objecttype,column,"Apollo protocol output packet count"
locIfapolloInOctets,1.3.6.1.4.1.9.2.2.1.1.68,counter,read-only,objecttype,column,"Apollo protocol input octet count"
locIfapolloOutOctets,1.3.6.1.4.1.9.2.2.1.1.69,counter,read-only,objecttype,column,"Apollo protocol output octet count"
locIfvinesInPkts,1.3.6.1.4.1.9.2.2.1.1.70,counter,read-only,objecttype,column,"Vines protocol input packet count"
locIfvinesOutPkts,1.3.6.1.4.1.9.2.2.1.1.71,counter,read-only,objecttype,column,"Vines protocol output packet count"
locIfvinesInOctets,1.3.6.1.4.1.9.2.2.1.1.72,counter,read-only,objecttype,column,"Vines protocol input octet count"
locIfvinesOutOctets,1.3.6.1.4.1.9.2.2.1.1.73,counter,read-only,objecttype,column,"Vines protocol output octet count"
locIfbridgedInPkts,1.3.6.1.4.1.9.2.2.1.1.74,counter,read-only,objecttype,column,"Bridged protocol input packet count"
locIfbridgedOutPkts,1.3.6.1.4.1.9.2.2.1.1.75,counter,read-only,objecttype,column,"Bridged protocol output packet count"
locIfbridgedInOctets,1.3.6.1.4.1.9.2.2.1.1.76,counter,read-only,objecttype,column,"Bridged protocol input octet count"
locIfbridgedOutOctets,1.3.6.1.4.1.9.2.2.1.1.77,counter,read-only,objecttype,column,"Bridged protocol output octet count"
locIfsrbInPkts,1.3.6.1.4.1.9.2.2.1.1.78,counter,read-only,objecttype,column,"SRB protocol input packet count"
locIfsrbOutPkts,1.3.6.1.4.1.9.2.2.1.1.79,counter,read-only,objecttype,column,"SRB protocol output packet count"
locIfsrbInOctets,1.3.6.1.4.1.9.2.2.1.1.80,counter,read-only,objecttype,column,"SRB protocol input octet count"
locIfsrbOutOctets,1.3.6.1.4.1.9.2.2.1.1.81,counter,read-only,objecttype,column,"SRB protocol output octet count"
locIfchaosInPkts,1.3.6.1.4.1.9.2.2.1.1.82,counter,read-only,objecttype,column,"Choas protocol input packet count"
locIfchaosOutPkts,1.3.6.1.4.1.9.2.2.1.1.83,counter,read-only,objecttype,column,"Choas protocol output packet count"
locIfchaosInOctets,1.3.6.1.4.1.9.2.2.1.1.84,counter,read-only,objecttype,column,"Choas protocol input octet count"
locIfchaosOutOctets,1.3.6.1.4.1.9.2.2.1.1.85,counter,read-only,objecttype,column,"Choas protocol output octet count"
locIfpupInPkts,1.3.6.1.4.1.9.2.2.1.1.86,counter,read-only,objecttype,column,"PUP protocol input packet count"
locIfpupOutPkts,1.3.6.1.4.1.9.2.2.1.1.87,counter,read-only,objecttype,column,"PUP protocol output packet count"
locIfpupInOctets,1.3.6.1.4.1.9.2.2.1.1.88,counter,read-only,objecttype,column,"PUP protocol input octet count"
locIfpupOutOctets,1.3.6.1.4.1.9.2.2.1.1.89,counter,read-only,objecttype,column,"PUP protocol output octet count"
locIfmopInPkts,1.3.6.1.4.1.9.2.2.1.1.90,counter,read-only,objecttype,column,"MOP protocol input packet count"
locIfmopOutPkts,1.3.6.1.4.1.9.2.2.1.1.91,counter,read-only,objecttype,column,"MOP protocol output packet count"
locIfmopInOctets,1.3.6.1.4.1.9.2.2.1.1.92,counter,read-only,objecttype,column,"MOP protocol input octet count"
locIfmopOutOctets,1.3.6.1.4.1.9.2.2.1.1.93,counter,read-only,objecttype,column,"MOP protocol output octet count"
locIflanmanInPkts,1.3.6.1.4.1.9.2.2.1.1.94,counter,read-only,objecttype,column,"LanMan protocol input packet count"
locIflanmanOutPkts,1.3.6.1.4.1.9.2.2.1.1.95,counter,read-only,objecttype,column,"LanMan protocol output packet count"
locIflanmanInOctets,1.3.6.1.4.1.9.2.2.1.1.96,counter,read-only,objecttype,column,"LanMan protocol input octet count"
locIflanmanOutOctets,1.3.6.1.4.1.9.2.2.1.1.97,counter,read-only,objecttype,column,"LanMan protocol output octet count"
locIfstunInPkts,1.3.6.1.4.1.9.2.2.1.1.98,counter,read-only,objecttype,column,"STUN protocol input packet count"
locIfstunOutPkts,1.3.6.1.4.1.9.2.2.1.1.99,counter,read-only,objecttype,column,"STUN protocol output packet count"
locIfstunInOctets,1.3.6.1.4.1.9.2.2.1.1.100,counter,read-only,objecttype,column,"STUN protocol input octet count"
locIfstunOutOctets,1.3.6.1.4.1.9.2.2.1.1.101,counter,read-only,objecttype,column,"STUN protocol output octet count"
locIfspanInPkts,1.3.6.1.4.1.9.2.2.1.1.102,counter,read-only,objecttype,column,"Spanning tree input protocol packet count"
locIfspanOutPkts,1.3.6.1.4.1.9.2.2.1.1.103,counter,read-only,objecttype,column,"Spanning tree output protocol packet count"
locIfspanInOctets,1.3.6.1.4.1.9.2.2.1.1.104,counter,read-only,objecttype,column,"Spanning tree input octet packet count"
locIfspanOutOctets,1.3.6.1.4.1.9.2.2.1.1.105,counter,read-only,objecttype,column,"Spanning tree output octet packet count"
locIfarpInPkts,1.3.6.1.4.1.9.2.2.1.1.106,counter,read-only,objecttype,column,"Arp protocol input packet count"
locIfarpOutPkts,1.3.6.1.4.1.9.2.2.1.1.107,counter,read-only,objecttype,column,"Arp protocol output packet count"
locIfarpInOctets,1.3.6.1.4.1.9.2.2.1.1.108,counter,read-only,objecttype,column,"Arp protocol input octet count"
locIfarpOutOctets,1.3.6.1.4.1.9.2.2.1.1.109,counter,read-only,objecttype,column,"Arp protocol output octet count"
locIfprobeInPkts,1.3.6.1.4.1.9.2.2.1.1.110,counter,read-only,objecttype,column,"Probe protocol input packet count"
locIfprobeOutPkts,1.3.6.1.4.1.9.2.2.1.1.111,counter,read-only,objecttype,column,"Probe protocol output packet count"
locIfprobeInOctets,1.3.6.1.4.1.9.2.2.1.1.112,counter,read-only,objecttype,column,"Probe protocol input octet count"
locIfprobeOutOctets,1.3.6.1.4.1.9.2.2.1.1.113,counter,read-only,objecttype,column,"Probe protocol output octet count"
locIfDribbleInputs,1.3.6.1.4.1.9.2.2.1.1.114,counter,read-only,objecttype,column,"The number of good packets received with the dribble condition present"
lfsipTable,1.3.6.1.4.1.9.2.2.2,,no-access,objecttype,table,"A list of FSIP card entries."
lFSIPEntry,1.3.6.1.4.1.9.2.2.2.1,,no-access,objecttype,row,"A collection of objects specific to the FSIP card."
locIfFSIPIndex,1.3.6.1.4.1.9.2.2.2.1.1,integer,read-only,objecttype,column,"Interface index of this card corresponding to its ifIndex"
locIfFSIPtype,1.3.6.1.4.1.9.2.2.2.1.2,integer,read-only,objecttype,column,"Is this FSIP line DCE or DTE Enumeration: 'notAvailable': 1, 'dce': 3, 'dte': 2."
locIfFSIPrts,1.3.6.1.4.1.9.2.2.2.1.3,integer,read-only,objecttype,column,"Is the RTS signal up or down Enumeration: 'notAvailable': 1, 'down': 3, 'up': 2."
locIfFSIPcts,1.3.6.1.4.1.9.2.2.2.1.4,integer,read-only,objecttype,column,"Is the CTS signal up or down Enumeration: 'notAvailable': 1, 'down': 3, 'up': 2."
locIfFSIPdtr,1.3.6.1.4.1.9.2.2.2.1.5,integer,read-only,objecttype,column,"Is the DTR signal up or down Enumeration: 'notAvailable': 1, 'down': 3, 'up': 2."
locIfFSIPdcd,1.3.6.1.4.1.9.2.2.2.1.6,integer,read-only,objecttype,column,"Is the DCD signal up or down Enumeration: 'notAvailable': 1, 'down': 3, 'up': 2."
locIfFSIPdsr,1.3.6.1.4.1.9.2.2.2.1.7,integer,read-only,objecttype,column,"Is the DSR signal up or down Enumeration: 'notAvailable': 1, 'down': 3, 'up': 2."
lat,1.3.6.1.4.1.9.2.3,,,objectidentity,,""
lip,1.3.6.1.4.1.9.2.4,,,objectidentity,,""
lipAddrTable,1.3.6.1.4.1.9.2.4.1,,no-access,objecttype,table,"A list of IP address entries."
lipAddrEntry,1.3.6.1.4.1.9.2.4.1.1,,no-access,objecttype,row,"A collection of additional objects in the cisco IP implementation."
locIPHow,1.3.6.1.4.1.9.2.4.1.1.1,displaystring,read-only,objecttype,column,"Method of how this interface obtained its IP address."
locIPWho,1.3.6.1.4.1.9.2.4.1.1.2,ipaddress,read-only,objecttype,column,"IP address of who supplied this interface its IP address."
locIPHelper,1.3.6.1.4.1.9.2.4.1.1.3,ipaddress,read-only,objecttype,column,"IP helper address for broadcast forwarding support."
locIPSecurity,1.3.6.1.4.1.9.2.4.1.1.4,integer,read-only,objecttype,column,"IP security level. See RFC 1038."
locIPRedirects,1.3.6.1.4.1.9.2.4.1.1.5,integer,read-only,objecttype,column,"Boolean whether ICMP redirects will be sent or not."
locIPUnreach,1.3.6.1.4.1.9.2.4.1.1.6,integer,read-only,objecttype,column,"Boolean whether ICMP unreachables will be sent or not."
lipRoutingTable,1.3.6.1.4.1.9.2.4.2,,no-access,objecttype,table,"A list of IP routing entries."
lipRouteEntry,1.3.6.1.4.1.9.2.4.2.1,,no-access,objecttype,row,"A collection of additional objects in the cisco IP routing implementation."
locRtMask,1.3.6.1.4.1.9.2.4.2.1.1,ipaddress,read-only,objecttype,column,"Routing table network mask."
locRtCount,1.3.6.1.4.1.9.2.4.2.1.2,integer,read-only,objecttype,column,"Number of parallel routes within routing table."
locRtUses,1.3.6.1.4.1.9.2.4.2.1.3,integer,read-only,objecttype,column,"Number of times this route was used in a forward operation."
actThresh,1.3.6.1.4.1.9.2.4.4,integer,read-only,objecttype,scalar,"Threshold of IP accounting records in use before IP traffic will be unaccounted."
actLostPkts,1.3.6.1.4.1.9.2.4.5,integer,read-only,objecttype,scalar,"Lost IP packets due to memory limitations."
actLostByts,1.3.6.1.4.1.9.2.4.6,integer,read-only,objecttype,scalar,"Total bytes of lost IP packets."
lipAccountingTable,1.3.6.1.4.1.9.2.4.7,,no-access,objecttype,table,"A list of IP accounting entries."
lipAccountEntry,1.3.6.1.4.1.9.2.4.7.1,,no-access,objecttype,row,"A collection of objects necessary for IP accounting."
actSrc,1.3.6.1.4.1.9.2.4.7.1.1,ipaddress,read-only,objecttype,column,"IP Source address for host traffic matrix."
actDst,1.3.6.1.4.1.9.2.4.7.1.2,ipaddress,read-only,objecttype,column,"IP Destination address for host traffic matrix."
actPkts,1.3.6.1.4.1.9.2.4.7.1.3,integer,read-only,objecttype,column,"Number of IP packets sent from source to destination."
actByts,1.3.6.1.4.1.9.2.4.7.1.4,integer,read-only,objecttype,column,"Total number of bytes in IP packets from source to destination."
actAge,1.3.6.1.4.1.9.2.4.8,timeticks,read-only,objecttype,scalar,"The age of the data in the current data matrix."
lipCkAccountingTable,1.3.6.1.4.1.9.2.4.9,,no-access,objecttype,table,"A list of IP checkpoint accounting entries."
lipCkAccountEntry,1.3.6.1.4.1.9.2.4.9.1,,no-access,objecttype,row,"A collection of objects necessary for IP checkpoint accounting."
ckactSrc,1.3.6.1.4.1.9.2.4.9.1.1,ipaddress,read-only,objecttype,column,"IP Source address for host in checkpoint traffic matrix."
ckactDst,1.3.6.1.4.1.9.2.4.9.1.2,ipaddress,read-only,objecttype,column,"IP Destination address for host in checkpoint traffic matrix."
ckactPkts,1.3.6.1.4.1.9.2.4.9.1.3,integer,read-only,objecttype,column,"Number of IP packets sent from source to destination in checkpoint matrix."
ckactByts,1.3.6.1.4.1.9.2.4.9.1.4,integer,read-only,objecttype,column,"Total number of bytes in IP packets from source to destination in checkpoint matrix."
ckactAge,1.3.6.1.4.1.9.2.4.10,timeticks,read-only,objecttype,scalar,"Age of data in the checkpoint matrix."
actCheckPoint,1.3.6.1.4.1.9.2.4.11,integer,read-write,objecttype,scalar,"Check points the accounting database. This mib variable must be read and then set with the same value for the check point to succeed. The value read and then set will be incremented after a successful set request"
ipNoaccess,1.3.6.1.4.1.9.2.4.12,counter,read-only,objecttype,scalar,"Total number of packets dropped due to access control failure."
licmp,1.3.6.1.4.1.9.2.5,,,objectidentity,,""
ltcp,1.3.6.1.4.1.9.2.6,,,objectidentity,,""
ltcpConnTable,1.3.6.1.4.1.9.2.6.1,,no-access,objecttype,table,"A list of TCP connection entries."
ltcpConnEntry,1.3.6.1.4.1.9.2.6.1.1,,no-access,objecttype,row,"A collection of additional objects in the cisco TCP implementation."
loctcpConnInBytes,1.3.6.1.4.1.9.2.6.1.1.1,integer,read-only,objecttype,column,"Bytes input for this TCP connection."
loctcpConnOutBytes,1.3.6.1.4.1.9.2.6.1.1.2,integer,read-only,objecttype,column,"Bytes output for this TCP connection."
loctcpConnInPkts,1.3.6.1.4.1.9.2.6.1.1.3,integer,read-only,objecttype,column,"Packets input for this TCP connection."
loctcpConnOutPkts,1.3.6.1.4.1.9.2.6.1.1.4,integer,read-only,objecttype,column,"Packets output for this TCP connection."
loctcpConnElapsed,1.3.6.1.4.1.9.2.6.1.1.5,timeticks,read-only,objecttype,column,"How long this TCP connection has been established."
ludp,1.3.6.1.4.1.9.2.7,,,objectidentity,,""
legp,1.3.6.1.4.1.9.2.8,,,objectidentity,,""
lts,1.3.6.1.4.1.9.2.9,,,objectidentity,,""
tsLines,1.3.6.1.4.1.9.2.9.1,integer,read-only,objecttype,scalar,"Number of terminal lines on this device. Includes virtual lines."
ltsLineTable,1.3.6.1.4.1.9.2.9.2,,no-access,objecttype,table,"A list of terminal server line entries."
ltsLineEntry,1.3.6.1.4.1.9.2.9.2.1,,no-access,objecttype,row,"A collection of per TTY objects in the cisco Terminal Server implementation."
tsLineActive,1.3.6.1.4.1.9.2.9.2.1.1,integer,read-only,objecttype,column,"Boolean whether this line is active or not."
tsLineType,1.3.6.1.4.1.9.2.9.2.1.2,integer,read-only,objecttype,column,"Type of line. Enumeration: 'console': 2, 'auxiliary': 6, 'unknown': 1, 'virtual-terminal': 5, 'terminal': 3, 'line-printer': 4."
tsLineAutobaud,1.3.6.1.4.1.9.2.9.2.1.3,integer,read-only,objecttype,column,"Boolean whether line will autobaud or not."
tsLineSpeedin,1.3.6.1.4.1.9.2.9.2.1.4,integer,read-only,objecttype,column,"What input speed the line is running at."
tsLineSpeedout,1.3.6.1.4.1.9.2.9.2.1.5,integer,read-only,objecttype,column,"What output speed the line is running at."
tsLineFlow,1.3.6.1.4.1.9.2.9.2.1.6,integer,read-only,objecttype,column,"What kind of flow control the line is using. Enumeration: 'software-both': 5, 'hardware-both': 8, 'none': 2, 'unknown': 1, 'hardware-input': 6, 'hardware-output': 7, 'software-output': 4, 'software-input': 3."
tsLineModem,1.3.6.1.4.1.9.2.9.2.1.7,integer,read-only,objecttype,column,"What kind of modem control the line is using. Enumeration: 'none': 2, 'cts-required': 5, 'ri-is-cd': 6, 'unknown': 1, 'call-out': 4, 'call-in': 3, 'inout': 7."
tsLineLoc,1.3.6.1.4.1.9.2.9.2.1.8,displaystring,read-only,objecttype,column,"Describes the line's physical location."
tsLineTerm,1.3.6.1.4.1.9.2.9.2.1.9,displaystring,read-only,objecttype,column,"Describes the line's terminal type."
tsLineScrlen,1.3.6.1.4.1.9.2.9.2.1.10,integer,read-only,objecttype,column,"Length in lines of the screen of terminal attached to this line."
tsLineScrwid,1.3.6.1.4.1.9.2.9.2.1.11,integer,read-only,objecttype,column,"Width in characters of the screen of terminal attached to this line."
tsLineEsc,1.3.6.1.4.1.9.2.9.2.1.12,displaystring,read-only,objecttype,column,"Escape character used to break out of active sessions."
tsLineTmo,1.3.6.1.4.1.9.2.9.2.1.13,integer,read-only,objecttype,column,"Line idleness timeout in seconds."
tsLineSestmo,1.3.6.1.4.1.9.2.9.2.1.14,integer,read-only,objecttype,column,"Session idleness timeout in seconds."
tsLineRotary,1.3.6.1.4.1.9.2.9.2.1.15,integer,read-only,objecttype,column,"Rotary group number the line belongs in."
tsLineUses,1.3.6.1.4.1.9.2.9.2.1.16,integer,read-only,objecttype,column,"Number of times a connection has been made to or from this line."
tsLineNses,1.3.6.1.4.1.9.2.9.2.1.17,integer,read-only,objecttype,column,"Current number of sessions in use on this line."
tsLineUser,1.3.6.1.4.1.9.2.9.2.1.18,displaystring,read-only,objecttype,column,"TACACS user name, if TACACS enabled, of user on this line."
tsLineNoise,1.3.6.1.4.1.9.2.9.2.1.19,integer,read-only,objecttype,column,"Count of garbage characters received when line inactive."
tsLineNum,1.3.6.1.4.1.9.2.9.2.1.20,integer,no-access,objecttype,column,"The line number (table index)."
ltsLineSessionTable,1.3.6.1.4.1.9.2.9.3,,no-access,objecttype,table,"A list of terminal server line and session entries."
ltsLineSessionEntry,1.3.6.1.4.1.9.2.9.3.1,,no-access,objecttype,row,"A collection of per session and per TTY objects in the cisco Terminal Server implementation."
tslineSesType,1.3.6.1.4.1.9.2.9.3.1.1,integer,read-only,objecttype,column,"Type of session. Enumeration: 'stream': 3, 'rlogin': 4, 'unknown': 1, 'mop': 8, 'tcp': 6, 'pad': 2, 'telnet': 5, 'slip': 9, 'lat': 7, 'xremote': 10, 'rshell': 11."
tslineSesDir,1.3.6.1.4.1.9.2.9.3.1.2,integer,read-only,objecttype,column,"Direction of session. Enumeration: 'unknown': 1, 'outgoing': 3, 'incoming': 2."
tslineSesAddr,1.3.6.1.4.1.9.2.9.3.1.3,ipaddress,read-only,objecttype,column,"Remote host address of session. [What about PAD connections?]"
tslineSesName,1.3.6.1.4.1.9.2.9.3.1.4,displaystring,read-only,objecttype,column,"Remote host name of session."
tslineSesCur,1.3.6.1.4.1.9.2.9.3.1.5,integer,read-only,objecttype,column,"Boolean whether session is the currently active one."
tslineSesIdle,1.3.6.1.4.1.9.2.9.3.1.6,integer,read-only,objecttype,column,"Time in seconds session has been idle."
tslineSesLine,1.3.6.1.4.1.9.2.9.3.1.7,integer,no-access,objecttype,column,"The line number (primary index)."
tslineSesSession,1.3.6.1.4.1.9.2.9.3.1.8,integer,no-access,objecttype,column,"The session number (secondary index)."
tsMsgTtyLine,1.3.6.1.4.1.9.2.9.4,integer,read-write,objecttype,scalar,"tty line to send the message to. -1 will send it to all tty lines"
tsMsgIntervaltim,1.3.6.1.4.1.9.2.9.5,integer,read-write,objecttype,scalar,"Interval between reissuing message in milliseconds. Minimum non-zero setting is 10000. 0 will cause the routine to choose its own intervals becoming more frequent as MessageDuration gets close to expiring. 2hr, 1hr, 30min, 5min, 1min"
tsMsgDuration,1.3.6.1.4.1.9.2.9.6,integer,read-write,objecttype,scalar,"Length of time to reissue message in milliseconds. Minimum non-zero setting is 10000. A setting of 0 will not repeat the message."
tsMsgText,1.3.6.1.4.1.9.2.9.7,displaystring,read-write,objecttype,scalar,"Up to 256 characters that will make up the message"
tsMsgTmpBanner,1.3.6.1.4.1.9.2.9.8,integer,read-write,objecttype,scalar,"Should the message be used as a temporary banner. 1 - No. 2 - In addition to the normal banner Enumeration: 'additive': 2, 'no': 1."
tsMsgSend,1.3.6.1.4.1.9.2.9.9,integer,read-write,objecttype,scalar,"Sends the message. The value determines what to do after the message has completed. Enumeration: 'nothing': 1, 'reload': 2, 'messagedone': 3, 'abort': 4."
lflash,1.3.6.1.4.1.9.2.10,,,objectidentity,,""
flashSize,1.3.6.1.4.1.9.2.10.1,integer,read-only,objecttype,scalar,"Total Size in Octets of Flash memory"
flashFree,1.3.6.1.4.1.9.2.10.2,integer,read-only,objecttype,scalar,"Unused Size in Octets of Flash memory"
flashController,1.3.6.1.4.1.9.2.10.3,displaystring,read-only,objecttype,scalar,"flash controller"
flashCard,1.3.6.1.4.1.9.2.10.4,displaystring,read-only,objecttype,scalar,"flash card"
flashVPP,1.3.6.1.4.1.9.2.10.5,integer,read-only,objecttype,scalar,"State of the VPP DIP Enumeration: 'missing': 2, 'installed': 1."
flashErase,1.3.6.1.4.1.9.2.10.6,integer,read-write,objecttype,scalar,"Request to erase flash memory"
flashEraseTime,1.3.6.1.4.1.9.2.10.7,timeticks,read-only,objecttype,scalar,"Last time the flash was erased"
flashEraseStatus,1.3.6.1.4.1.9.2.10.8,integer,read-only,objecttype,scalar,"Status of current or last flash erasing Enumeration: 'bufferAllocationFailure': 6, 'flashOpenFailure': 5, 'flashReadOnly': 4, 'flashOpInProgress': 1, 'flashOpSuccess': 2, 'flashOpFailure': 3."
flashToNet,1.3.6.1.4.1.9.2.10.9,displaystring,read-write,objecttype,scalar,"Write flash entry to tftp server. Value should be the name of the flash entry to send. Instance is the IP address of the tftp host."
flashToNetTime,1.3.6.1.4.1.9.2.10.10,timeticks,read-only,objecttype,scalar,"Last time a copy from the flash to the net took place"
flashToNetStatus,1.3.6.1.4.1.9.2.10.11,integer,read-only,objecttype,scalar,"Status of current or last flash to net transfer Enumeration: 'bufferAllocationFailure': 6, 'flashOpenFailure': 5, 'flashReadOnly': 4, 'flashOpInProgress': 1, 'flashOpSuccess': 2, 'flashOpFailure': 3."
netToFlash,1.3.6.1.4.1.9.2.10.12,displaystring,read-write,objecttype,scalar,"Write flash entry from tftp server. Value should be the name of the flash entry to write. Instance is the IP address of the tftp host."
netToFlashTime,1.3.6.1.4.1.9.2.10.13,timeticks,read-only,objecttype,scalar,"Last time a copy from the net to the flash took place"
netToFlashStatus,1.3.6.1.4.1.9.2.10.14,integer,read-only,objecttype,scalar,"Status of current or last net to flash transfer Enumeration: 'bufferAllocationFailure': 6, 'flashOpenFailure': 5, 'flashReadOnly': 4, 'flashOpInProgress': 1, 'flashOpSuccess': 2, 'flashOpFailure': 3."
flashStatus,1.3.6.1.4.1.9.2.10.15,integer,read-only,objecttype,scalar,"Status of the availablity of flash Enumeration: 'available': 2, 'busy': 1."
flashEntries,1.3.6.1.4.1.9.2.10.16,integer,read-only,objecttype,scalar,"Number of entries in the flash directory"
lflashFileDirTable,1.3.6.1.4.1.9.2.10.17,,no-access,objecttype,table," A list of flash file entries."
lflashFileDirEntry,1.3.6.1.4.1.9.2.10.17.1,,no-access,objecttype,row,"A collection of flash eprom objects"
flashDirName,1.3.6.1.4.1.9.2.10.17.1.1,displaystring,read-only,objecttype,column,"Name associated with the flash entry"
flashDirSize,1.3.6.1.4.1.9.2.10.17.1.2,integer,read-only,objecttype,column,"Size in Octets of a flash entry"
flashDirStatus,1.3.6.1.4.1.9.2.10.17.1.3,integer,read-only,objecttype,column,"Indicates the status of the entry Enumeration: 'deleted': 2, 'valid': 1."
temporary,1.3.6.1.4.1.9.3,,,objectidentity,,""
tmpdecnet,1.3.6.1.4.1.9.3.1,,,objectidentity,,""
dnForward,1.3.6.1.4.1.9.3.1.1,integer,read-only,objecttype,scalar,"Total count of DECNET packets forwarded."
dnReceived,1.3.6.1.4.1.9.3.1.2,integer,read-only,objecttype,scalar,"Count of total DECNET packets received."
dnFormaterr,1.3.6.1.4.1.9.3.1.3,integer,read-only,objecttype,scalar,"Total number of DECNET packets received with header errors."
dnNotgateway,1.3.6.1.4.1.9.3.1.4,integer,read-only,objecttype,scalar,"Total number of packets received while not routing."
dnNotimp,1.3.6.1.4.1.9.3.1.5,integer,read-only,objecttype,scalar,"Total number of unknown control packets received."
dnHellos,1.3.6.1.4.1.9.3.1.6,integer,read-only,objecttype,scalar,"Total number of Hellos received."
dnBadhello,1.3.6.1.4.1.9.3.1.7,integer,read-only,objecttype,scalar,"Total number of received bad Hellos."
dnNotlong,1.3.6.1.4.1.9.3.1.8,integer,read-only,objecttype,scalar,"Total number of received packets not in long format."
dnDatas,1.3.6.1.4.1.9.3.1.9,integer,read-only,objecttype,scalar,"Total number of received data packets."
dnBigaddr,1.3.6.1.4.1.9.3.1.10,integer,read-only,objecttype,scalar,"Total number of too large addresses."
dnNoroute,1.3.6.1.4.1.9.3.1.11,integer,read-only,objecttype,scalar,"Total number of packets dropped due to no route present."
dnNoencap,1.3.6.1.4.1.9.3.1.12,integer,read-only,objecttype,scalar,"Total number of packets dropped due to output encapsulation failure."
dnLevel1s,1.3.6.1.4.1.9.3.1.13,integer,read-only,objecttype,scalar,"Total number of Level 1 routing packets received."
dnBadlevel1,1.3.6.1.4.1.9.3.1.14,integer,read-only,objecttype,scalar,"Total number of bad Level 1 routing packets received."
dnToomanyhops,1.3.6.1.4.1.9.3.1.15,integer,read-only,objecttype,scalar,"Total number of packets received which visited too many nodes."
dnHellosent,1.3.6.1.4.1.9.3.1.16,integer,read-only,objecttype,scalar,"Total number of Hellos output."
dnLevel1sent,1.3.6.1.4.1.9.3.1.17,integer,read-only,objecttype,scalar,"Total number of Level 1 routing packets sent."
dnNomemory,1.3.6.1.4.1.9.3.1.18,integer,read-only,objecttype,scalar,"Total number of memory requests denied."
dnOtherhello,1.3.6.1.4.1.9.3.1.19,integer,read-only,objecttype,scalar,"Total number of Hellos received from another area."
dnOtherlevel1,1.3.6.1.4.1.9.3.1.20,integer,read-only,objecttype,scalar,"Total number of Level 1 routing packets received from another area."
dnLevel2s,1.3.6.1.4.1.9.3.1.21,integer,read-only,objecttype,scalar,"Total number of Level 2 routing packets received."
dnLevel2sent,1.3.6.1.4.1.9.3.1.22,integer,read-only,objecttype,scalar,"Total number of Level 2 routing packets sent."
dnNovector,1.3.6.1.4.1.9.3.1.23,integer,read-only,objecttype,scalar,"Total number of missing routing vectors."
dnOtherlevel2,1.3.6.1.4.1.9.3.1.24,integer,read-only,objecttype,scalar,"Total number of received Level 2 routing packets from another area."
dnNoaccess,1.3.6.1.4.1.9.3.1.25,integer,read-only,objecttype,scalar,"Total number of packets dropped due to access control failure."
dnAreaTable,1.3.6.1.4.1.9.3.1.26,,no-access,objecttype,table,"DECNET area routing table"
dnAreaTableEntry,1.3.6.1.4.1.9.3.1.26.1,,no-access,objecttype,row,"DECNET area routing table"
dnArea,1.3.6.1.4.1.9.3.1.26.1.1,integer,read-only,objecttype,column,"DECNet area from the area table."
dnACost,1.3.6.1.4.1.9.3.1.26.1.2,integer,read-only,objecttype,column,"Cost of area in the area table."
dnAHop,1.3.6.1.4.1.9.3.1.26.1.3,integer,read-only,objecttype,column,"Number of hops to area in the area table."
dnAIfIndex,1.3.6.1.4.1.9.3.1.26.1.4,integer,read-only,objecttype,column,"Index of interface to the next hop address to the area. 0 denotes self."
dnANextHop,1.3.6.1.4.1.9.3.1.26.1.5,octet string,read-only,objecttype,column,"Next hop DECNet address."
dnAAge,1.3.6.1.4.1.9.3.1.26.1.6,integer,read-only,objecttype,column,"Age in seconds of area route."
dnAPrio,1.3.6.1.4.1.9.3.1.26.1.7,integer,read-only,objecttype,column,"Priority of next hop router for area route."
dnHostTable,1.3.6.1.4.1.9.3.1.27,,no-access,objecttype,table,"DECNET routing table"
dnHostTableEntry,1.3.6.1.4.1.9.3.1.27.1,,no-access,objecttype,row,"DECNET routing table"
dnHost,1.3.6.1.4.1.9.3.1.27.1.1,integer,read-only,objecttype,column,"DECNet node address from the routing table."
dnHCost,1.3.6.1.4.1.9.3.1.27.1.2,integer,read-only,objecttype,column,"Cost of path to node in the routing table."
dnHHop,1.3.6.1.4.1.9.3.1.27.1.3,integer,read-only,objecttype,column,"Number of hops to node in the routing table."
dnHIfIndex,1.3.6.1.4.1.9.3.1.27.1.4,integer,read-only,objecttype,column,"Index of interface to the next hop address to the node. 0 denotes self."
dnHNextHop,1.3.6.1.4.1.9.3.1.27.1.5,octet string,read-only,objecttype,column,"Next hop DECNet address."
dnHAge,1.3.6.1.4.1.9.3.1.27.1.6,integer,read-only,objecttype,column,"Age in seconds of route to node."
dnHPrio,1.3.6.1.4.1.9.3.1.27.1.7,integer,read-only,objecttype,column,"Priority of next hop router for node."
dnHIdx1,1.3.6.1.4.1.9.3.1.27.1.8,integer,no-access,objecttype,column,"table index 1."
dnHIdx2,1.3.6.1.4.1.9.3.1.27.1.9,integer,no-access,objecttype,column,"table index 2."
dnIfTable,1.3.6.1.4.1.9.3.1.28,,no-access,objecttype,table,"DECNET interface table"
dnIfTableEntry,1.3.6.1.4.1.9.3.1.28.1,,no-access,objecttype,row,"DECNET interface table"
dnIfCost,1.3.6.1.4.1.9.3.1.28.1.1,integer,read-only,objecttype,column,"Cost of this interface."
tmpxns,1.3.6.1.4.1.9.3.2,,,objectidentity,,""
xnsInput,1.3.6.1.4.1.9.3.2.1,integer,read-only,objecttype,scalar,"Total input count of number of XNS packets."
xnsLocal,1.3.6.1.4.1.9.3.2.2,integer,read-only,objecttype,scalar,"Total count of XNS input packets for this host."
xnsBcastin,1.3.6.1.4.1.9.3.2.3,integer,read-only,objecttype,scalar,"Total count of number of XNS input broadcast packets."
xnsForward,1.3.6.1.4.1.9.3.2.4,integer,read-only,objecttype,scalar,"Total count of number of XNS packets forwarded."
xnsBcastout,1.3.6.1.4.1.9.3.2.5,integer,read-only,objecttype,scalar,"Total count of number of XNS output broadcast packets."
xnsErrin,1.3.6.1.4.1.9.3.2.6,integer,read-only,objecttype,scalar,"Total count of number of XNS Error input packets."
xnsErrout,1.3.6.1.4.1.9.3.2.7,integer,read-only,objecttype,scalar,"Total count of number of XNS Error output packets."
xnsFormerr,1.3.6.1.4.1.9.3.2.8,integer,read-only,objecttype,scalar,"Total count of number of XNS input packets with header errors."
xnsChksum,1.3.6.1.4.1.9.3.2.9,integer,read-only,objecttype,scalar,"Total count of number of XNS input packets with checksum errors."
xnsNotgate,1.3.6.1.4.1.9.3.2.10,integer,read-only,objecttype,scalar,"Total count of number of XNS input packets received while not routing."
xnsHopcnt,1.3.6.1.4.1.9.3.2.11,integer,read-only,objecttype,scalar,"Total count of number of XNS input packets that have exceeded the maximum hop count."
xnsNoroute,1.3.6.1.4.1.9.3.2.12,integer,read-only,objecttype,scalar,"Total count of number of XNS packets dropped due to no route."
xnsNoencap,1.3.6.1.4.1.9.3.2.13,integer,read-only,objecttype,scalar,"Total count of number of XNS packets dropped due to output encapsulation failure."
xnsOutput,1.3.6.1.4.1.9.3.2.14,integer,read-only,objecttype,scalar,"Total count of number of XNS output packets."
xnsInmult,1.3.6.1.4.1.9.3.2.15,integer,read-only,objecttype,scalar,"Total count of number of XNS input multicast packets."
xnsUnknown,1.3.6.1.4.1.9.3.2.16,integer,read-only,objecttype,scalar,"Total count of number of unknown XNS input packets."
xnsFwdbrd,1.3.6.1.4.1.9.3.2.17,integer,read-only,objecttype,scalar,"Total count of number of XNS broadcast packets forwarded."
xnsEchoreqin,1.3.6.1.4.1.9.3.2.18,integer,read-only,objecttype,scalar,"Total count of number of XNS Echo request packets received."
xnsEchoreqout,1.3.6.1.4.1.9.3.2.19,integer,read-only,objecttype,scalar,"Total count of number of XNS Echo request packets sent."
xnsEchorepin,1.3.6.1.4.1.9.3.2.20,integer,read-only,objecttype,scalar,"Total count of number of XNS Echo reply packets received."
xnsEchorepout,1.3.6.1.4.1.9.3.2.21,integer,read-only,objecttype,scalar,"Total count of number of XNS Echo reply packets sent."
tmpappletalk,1.3.6.1.4.1.9.3.3,,,objectidentity,,""
atInput,1.3.6.1.4.1.9.3.3.1,integer,read-only,objecttype,scalar,"Total input count of number of AppleTalk packets."
atLocal,1.3.6.1.4.1.9.3.3.2,integer,read-only,objecttype,scalar,"Total count of AppleTalk input packets for this host."
atBcastin,1.3.6.1.4.1.9.3.3.3,integer,read-only,objecttype,scalar,"Total count of number of AppleTalk input broadcast packets."
atForward,1.3.6.1.4.1.9.3.3.4,integer,read-only,objecttype,scalar,"Total count of number of AppleTalk packets forwarded."
atBcastout,1.3.6.1.4.1.9.3.3.5,integer,read-only,objecttype,scalar,"Total count of number of AppleTalk output broadcast packets."
atChksum,1.3.6.1.4.1.9.3.3.7,integer,read-only,objecttype,scalar,"Total count of number of AppleTalk input packets with checksum erors."
atNotgate,1.3.6.1.4.1.9.3.3.8,integer,read-only,objecttype,scalar,"Total count of AppleTalk input packets received while not routing."
atHopcnt,1.3.6.1.4.1.9.3.3.9,integer,read-only,objecttype,scalar,"Total count of number of AppleTalk input packets that have exceeded the maximum hop count."
atNoaccess,1.3.6.1.4.1.9.3.3.10,integer,read-only,objecttype,scalar,"Total number of AppleTalk packets dropped due to access control."
atNoroute,1.3.6.1.4.1.9.3.3.11,integer,read-only,objecttype,scalar,"Total count of number of AppleTalk packets -- cisco MIB [Page 97] -- -- Request for Comments: Draft cisco Systems, Inc. dropped due to no route."
atNoencap,1.3.6.1.4.1.9.3.3.12,integer,read-only,objecttype,scalar,"Total count of number of AppleTalk packets dropped due to output encapsulation failure."
atOutput,1.3.6.1.4.1.9.3.3.13,integer,read-only,objecttype,scalar,"Total count of number of AppleTalk output packets."
atInmult,1.3.6.1.4.1.9.3.3.14,integer,read-only,objecttype,scalar,"Total count of number of AppleTalk input multicast packets."
atRtmpin,1.3.6.1.4.1.9.3.3.15,integer,read-only,objecttype,scalar,"Total count of number of AppleTalk RTMP packets received."
atRtmpout,1.3.6.1.4.1.9.3.3.16,integer,read-only,objecttype,scalar,"Total count of number of AppleTalk RTMP -- cisco MIB [Page 98] -- -- Request for Comments: Draft cisco Systems, Inc. packets sent."
atNbpin,1.3.6.1.4.1.9.3.3.17,integer,read-only,objecttype,scalar,"Total count of number of AppleTalk NBP packets received."
atNbpout,1.3.6.1.4.1.9.3.3.18,integer,read-only,objecttype,scalar,"Total count of number of AppleTalk NBP packets sent."
atAtp,1.3.6.1.4.1.9.3.3.19,integer,read-only,objecttype,scalar,"Total count of number of AppleTalk ATP packets received."
atZipin,1.3.6.1.4.1.9.3.3.20,integer,read-only,objecttype,scalar,"Total count of number of AppleTalk ZIP packets received."
atZipout,1.3.6.1.4.1.9.3.3.21,integer,read-only,objecttype,scalar,"Total count of number of AppleTalk ZIP -- cisco MIB [Page 99] -- -- Request for Comments: Draft cisco Systems, Inc. packets sent."
atEcho,1.3.6.1.4.1.9.3.3.22,integer,read-only,objecttype,scalar,"Total count of number of AppleTalk Echo packets received."
atEchoill,1.3.6.1.4.1.9.3.3.23,integer,read-only,objecttype,scalar,"Total count of number of illegal AppleTalk Echo packets received."
atDdpshort,1.3.6.1.4.1.9.3.3.24,integer,read-only,objecttype,scalar,"Total count of number of short AppleTalk DDP packets received."
atDdplong,1.3.6.1.4.1.9.3.3.25,integer,read-only,objecttype,scalar,"Total count of number of long AppleTalk DDP packets received."
atDdpbad,1.3.6.1.4.1.9.3.3.26,integer,read-only,objecttype,scalar,"Total count of number of illegal sized -- cisco MIB [Page 100] -- -- Request for Comments: Draft cisco Systems, Inc. AppleTalk DDP packets received."
atNobuffer,1.3.6.1.4.1.9.3.3.27,integer,read-only,objecttype,scalar,"Total count of number of AppleTalk packets lost due to no memory."
atArpreq,1.3.6.1.4.1.9.3.3.28,integer,read-only,objecttype,scalar,"Total count of number of input AppleTalk ARP request packets."
atArpreply,1.3.6.1.4.1.9.3.3.29,integer,read-only,objecttype,scalar,"Total count of number of AppleTalk ARP reply packets output."
atArpprobe,1.3.6.1.4.1.9.3.3.30,integer,read-only,objecttype,scalar,"Total count of number of input AppleTalk ARP probe packets."
atUnknown,1.3.6.1.4.1.9.3.3.31,integer,read-only,objecttype,scalar,"Total count of number of unknown AppleTalk -- cisco MIB [Page 101] -- -- Request for Comments: Draft cisco Systems, Inc. input packets."
tmpnovell,1.3.6.1.4.1.9.3.4,,,objectidentity,,""
novellInput,1.3.6.1.4.1.9.3.4.1,integer,read-only,objecttype,scalar,"Total input count of number of NOVELL packets."
novellBcastin,1.3.6.1.4.1.9.3.4.2,integer,read-only,objecttype,scalar,"Total count of number of NOVELL input broadcast packets."
novellForward,1.3.6.1.4.1.9.3.4.3,integer,read-only,objecttype,scalar,"Total count of number of NOVELL packets forwarded."
novellBcastout,1.3.6.1.4.1.9.3.4.4,integer,read-only,objecttype,scalar,"Total count of number of NOVELL output broadcast packets."
novellFormerr,1.3.6.1.4.1.9.3.4.5,integer,read-only,objecttype,scalar,"Total count of number of NOVELL input packets with header errors."
novellChksum,1.3.6.1.4.1.9.3.4.6,integer,read-only,objecttype,scalar,"Total count of number of NOVELL input packets with checksum erors."
novellHopcnt,1.3.6.1.4.1.9.3.4.7,integer,read-only,objecttype,scalar,"Total count of number of NOVELL input packets that have exceeded the maximum hop count."
novellNoroute,1.3.6.1.4.1.9.3.4.8,integer,read-only,objecttype,scalar,"Total count of number of NOVELL packets dropped due to no route."
novellNoencap,1.3.6.1.4.1.9.3.4.9,integer,read-only,objecttype,scalar,"Total count of number of NOVELL packets dropped due to output encapsulation failure."
novellOutput,1.3.6.1.4.1.9.3.4.10,integer,read-only,objecttype,scalar,"Total count of number of NOVELL output packets."
novellInmult,1.3.6.1.4.1.9.3.4.11,integer,read-only,objecttype,scalar,"Total count of number of NOVELL input multicast packets."
novellLocal,1.3.6.1.4.1.9.3.4.12,integer,read-only,objecttype,scalar,"Total count of NOVELL input packets for this host."
novellUnknown,1.3.6.1.4.1.9.3.4.13,integer,read-only,objecttype,scalar,"Total count of number of unknown NOVELL input packets."
novellSapreqin,1.3.6.1.4.1.9.3.4.14,integer,read-only,objecttype,scalar,"Total count of number of NOVELL SAP request packets received."
novellSapresin,1.3.6.1.4.1.9.3.4.15,integer,read-only,objecttype,scalar,"Total count of number of NOVELL SAP response packets received."
novellSapout,1.3.6.1.4.1.9.3.4.16,integer,read-only,objecttype,scalar,"Total count of number of NOVELL SAP request packets sent."
novellSapreply,1.3.6.1.4.1.9.3.4.17,integer,read-only,objecttype,scalar,"Total count of number of NOVELL SAP reply packets sent."
ipxActThresh,1.3.6.1.4.1.9.3.4.18,integer,read-only,objecttype,scalar,"Threshold of IPX accounting records in use before IPX traffic will be unaccounted."
ipxActLostPkts,1.3.6.1.4.1.9.3.4.19,integer,read-only,objecttype,scalar,"Lost IPX packets due to memory limitations."
ipxActLostByts,1.3.6.1.4.1.9.3.4.20,integer,read-only,objecttype,scalar,"Total bytes of lost IPX packets."
lipxAccountingTable,1.3.6.1.4.1.9.3.4.21,,no-access,objecttype,table,"A list of IPX accounting entries."
lipxAccountingEntry,1.3.6.1.4.1.9.3.4.21.1,,no-access,objecttype,row,"IPX accounting entry"
ipxActSrc,1.3.6.1.4.1.9.3.4.21.1.1,octet string,read-only,objecttype,column,"IPX Source address for host traffic matrix."
ipxActDst,1.3.6.1.4.1.9.3.4.21.1.2,octet string,read-only,objecttype,column,"IPX Destination address for host traffic matrix."
ipxActPkts,1.3.6.1.4.1.9.3.4.21.1.3,integer,read-only,objecttype,column,"Number of IPX packets sent from source to destination."
ipxActByts,1.3.6.1.4.1.9.3.4.21.1.4,integer,read-only,objecttype,column,"Total number of bytes in IPX packets from source to destination."
ipxActAge,1.3.6.1.4.1.9.3.4.22,timeticks,read-only,objecttype,scalar,"The age of the data in the current IPX data matrix."
lipxCkAccountingTable,1.3.6.1.4.1.9.3.4.23,,no-access,objecttype,table,"A list of IPX checkpoint accounting entries."
lipxCkAccountingEntry,1.3.6.1.4.1.9.3.4.23.1,,no-access,objecttype,row,"IPX checkpoint accounting entry"
ipxCkactSrc,1.3.6.1.4.1.9.3.4.23.1.1,octet string,read-only,objecttype,column,"IPX Source address for host in checkpoint traffic matrix."
ipxCkactDst,1.3.6.1.4.1.9.3.4.23.1.2,octet string,read-only,objecttype,column,"IPX Destination address for host in checkpoint traffic matrix."
ipxCkactPkts,1.3.6.1.4.1.9.3.4.23.1.3,integer,read-only,objecttype,column,"Number of IPX packets sent from source to destination in checkpoint matrix."
ipxCkactByts,1.3.6.1.4.1.9.3.4.23.1.4,counter,read-only,objecttype,column,"Total number of bytes in IPX packets from source to destination in checkpoint matrix."
ipxCkactAge,1.3.6.1.4.1.9.3.4.24,timeticks,read-only,objecttype,scalar,"Age of data in the IPX checkpoint matrix."
ipxActCheckPoint,1.3.6.1.4.1.9.3.4.25,integer,read-write,objecttype,scalar,"Check points the IPX accounting database. This mib variable must be read and then set with the same value for the check point to succeed. The value read and then set will be incremented aftera successful set request"
tmpvines,1.3.6.1.4.1.9.3.5,,,objectidentity,,""
vinesInput,1.3.6.1.4.1.9.3.5.1,integer,read-only,objecttype,scalar,"Total input count of number of Vines packets."
vinesOutput,1.3.6.1.4.1.9.3.5.2,integer,read-only,objecttype,scalar,"Total count of number of Vines output packets."
vinesLocaldest,1.3.6.1.4.1.9.3.5.3,integer,read-only,objecttype,scalar,"Total count of Vines input packets for this host."
vinesForwarded,1.3.6.1.4.1.9.3.5.4,integer,read-only,objecttype,scalar,"Total count of number of Vines packets forwarded."
vinesBcastin,1.3.6.1.4.1.9.3.5.5,integer,read-only,objecttype,scalar,"Total count of number of Vines input broadcast packets."
vinesBcastout,1.3.6.1.4.1.9.3.5.6,integer,read-only,objecttype,scalar,"Total count of number of Vines output broadcast packets."
vinesBcastfwd,1.3.6.1.4.1.9.3.5.7,integer,read-only,objecttype,scalar,"Total count of number of Vines broadcast packets forwarded."
vinesNotlan,1.3.6.1.4.1.9.3.5.8,integer,read-only,objecttype,scalar,"Total count of number of Vines broadcast packets not forwarded to all interfaces because the LAN ONLY bit was set."
vinesNotgt4800,1.3.6.1.4.1.9.3.5.9,integer,read-only,objecttype,scalar,"Total count of number of Vines broadcast packets not forwarded to all interfaces because the OVER 4800 BPS bit was set."
vinesNocharges,1.3.6.1.4.1.9.3.5.10,integer,read-only,objecttype,scalar,"Total count of number of Vines broadcast packets not forwarded to all interfaces because the NO CHARGES only bit was set."
vinesFormaterror,1.3.6.1.4.1.9.3.5.11,integer,read-only,objecttype,scalar,"Total count of number of Vines input packets with header errors."
vinesCksumerr,1.3.6.1.4.1.9.3.5.12,integer,read-only,objecttype,scalar,"Total count of number of Vines input packets with checksum erors."
vinesHopcount,1.3.6.1.4.1.9.3.5.13,integer,read-only,objecttype,scalar,"Total count of number of Vines input packets that have exceeded the maximum hop count."
vinesNoroute,1.3.6.1.4.1.9.3.5.14,integer,read-only,objecttype,scalar,"Total count of number of Vines packets dropped due to no route."
vinesEncapsfailed,1.3.6.1.4.1.9.3.5.15,integer,read-only,objecttype,scalar,"Total count of number of Vines packets dropped due to output encapsulation failed."
vinesUnknown,1.3.6.1.4.1.9.3.5.16,integer,read-only,objecttype,scalar,"Total count of number of unknown Vines input packets."
vinesIcpIn,1.3.6.1.4.1.9.3.5.17,integer,read-only,objecttype,scalar,"Total count of number of Vines ICP packets received."
vinesIcpOut,1.3.6.1.4.1.9.3.5.18,integer,read-only,objecttype,scalar,"Total count of number of Vines ICP packets generaed."
vinesMetricOut,1.3.6.1.4.1.9.3.5.19,integer,read-only,objecttype,scalar,"Total count of number of Vines ICP Metric Notification packets generated."
vinesMacEchoIn,1.3.6.1.4.1.9.3.5.20,integer,read-only,objecttype,scalar,"Total count of number of Vines MAC level Echo packets received."
vinesMacEchoOut,1.3.6.1.4.1.9.3.5.21,integer,read-only,objecttype,scalar,"Total count of number of Vines MAC level Echo packets generated."
vinesEchoIn,1.3.6.1.4.1.9.3.5.22,integer,read-only,objecttype,scalar,"Total count of number of Vines Echo packets received."
vinesEchoOut,1.3.6.1.4.1.9.3.5.23,integer,read-only,objecttype,scalar,"Total count of number of Vines Echo packets generated."
vinesProxyCnt,1.3.6.1.4.1.9.3.5.24,counter,read-only,objecttype,scalar,"Total count of proxy packets sent."
vinesProxyReplyCnt,1.3.6.1.4.1.9.3.5.25,counter,read-only,objecttype,scalar,"Total count of responses to proxy packets."
vinesNet,1.3.6.1.4.1.9.3.5.26,integer,read-only,objecttype,scalar,"Vines network number of this router."
vinesSubNet,1.3.6.1.4.1.9.3.5.27,integer,read-only,objecttype,scalar,"Vines sub-network number of this router."
vinesClient,1.3.6.1.4.1.9.3.5.28,integer,read-only,objecttype,scalar,"Next Vines client sub-network number to be assigned by this router."
tmpvinesIfTable,1.3.6.1.4.1.9.3.5.29,,no-access,objecttype,table,"Vines interface table"
tmpvinesIfTableEntry,1.3.6.1.4.1.9.3.5.29.1,,no-access,objecttype,row,"VINES interface table"
vinesIfMetric,1.3.6.1.4.1.9.3.5.29.1.1,integer,read-only,objecttype,column,"Vines protocol metric value."
vinesIfEnctype,1.3.6.1.4.1.9.3.5.29.1.2,integer,read-only,objecttype,column,"Vines protocol default encapsulation"
vinesIfAccesslist,1.3.6.1.4.1.9.3.5.29.1.3,integer,read-only,objecttype,column,"Vines protocol outgoing access list number."
vinesIfPropagate,1.3.6.1.4.1.9.3.5.29.1.4,integer,read-only,objecttype,column,"Vines protocol 'propagate' enabled."
vinesIfArpEnabled,1.3.6.1.4.1.9.3.5.29.1.5,integer,read-only,objecttype,column,"Vines protocol arp replies enabled."
vinesIfServerless,1.3.6.1.4.1.9.3.5.29.1.6,integer,read-only,objecttype,column,"Vines protocol serverless support enabled."
vinesIfServerlessBcast,1.3.6.1.4.1.9.3.5.29.1.7,integer,read-only,objecttype,column,"Vines protocol serverless broadcasting support enabled."
vinesIfRedirectInterval,1.3.6.1.4.1.9.3.5.29.1.8,integer,read-only,objecttype,column,"Vines protocol redirect interval (in ms)."
vinesIfSplitDisabled,1.3.6.1.4.1.9.3.5.29.1.9,integer,read-only,objecttype,column,"Vines protocol split horizon disabled"
vinesIfLineup,1.3.6.1.4.1.9.3.5.29.1.10,integer,read-only,objecttype,column,"Vines protocol line up/down."
vinesIfFastokay,1.3.6.1.4.1.9.3.5.29.1.11,integer,read-only,objecttype,column,"Vines protocol fast switching supported."
vinesIfRouteCache,1.3.6.1.4.1.9.3.5.29.1.12,integer,read-only,objecttype,column,"Vines protocol fast switching requested"
vinesIfIns,1.3.6.1.4.1.9.3.5.29.1.13,counter,read-only,objecttype,column,"Vines protocol input packet count"
vinesIfOuts,1.3.6.1.4.1.9.3.5.29.1.14,counter,read-only,objecttype,column,"Vines protocol output packet count"
vinesIfInBytes,1.3.6.1.4.1.9.3.5.29.1.15,counter,read-only,objecttype,column,"Vines protocol input octet count"
vinesIfOutBytes,1.3.6.1.4.1.9.3.5.29.1.16,counter,read-only,objecttype,column,"Vines protocol output octet count"
vinesIfRxNotEnabledCnt,1.3.6.1.4.1.9.3.5.29.1.17,counter,read-only,objecttype,column,"Vines protocol count of input packets -- cisco MIB [Page 122] -- -- Request for Comments: Draft cisco Systems, Inc. discarded because interface not configured."
vinesIfRxFormatErrorCnt,1.3.6.1.4.1.9.3.5.29.1.18,counter,read-only,objecttype,column,"Vines protocol count of input packets with format errors."
vinesIfRxLocalDestCnt,1.3.6.1.4.1.9.3.5.29.1.19,counter,read-only,objecttype,column,"Vines protocol count of input packets destined for this router."
vinesIfRxBcastinCnt,1.3.6.1.4.1.9.3.5.29.1.20,counter,read-only,objecttype,column,"Vines protocol input broadcast count."
vinesIfRxForwardedCnt,1.3.6.1.4.1.9.3.5.29.1.21,counter,read-only,objecttype,column,"Vines protocol count of input packets forwarded to another interface."
vinesIfRxNoRouteCnt,1.3.6.1.4.1.9.3.5.29.1.22,counter,read-only,objecttype,column,"Vines protocol count of input packets dropped because there was no route to the -- cisco MIB [Page 123] -- -- Request for Comments: Draft cisco Systems, Inc. destination."
vinesIfRxZeroHopCountCnt,1.3.6.1.4.1.9.3.5.29.1.23,counter,read-only,objecttype,column,"Vines protocol count of input packets dropped due to a zero hop count."
vinesIfRxChecksumErrorCnt,1.3.6.1.4.1.9.3.5.29.1.24,counter,read-only,objecttype,column,"Vines protocol count of input packets with checksum errors."
vinesIfRxArp0Cnt,1.3.6.1.4.1.9.3.5.29.1.25,counter,read-only,objecttype,column,"Vines protocol count of input ARP Query Request messages."
vinesIfRxArp1Cnt,1.3.6.1.4.1.9.3.5.29.1.26,counter,read-only,objecttype,column,"Vines protocol count of input ARP Query Response messages."
vinesIfRxArp2Cnt,1.3.6.1.4.1.9.3.5.29.1.27,counter,read-only,objecttype,column,"Vines protocol count of input ARP Assignment -- cisco MIB [Page 124] -- -- Request for Comments: Draft cisco Systems, Inc. Request messages."
vinesIfRxArp3Cnt,1.3.6.1.4.1.9.3.5.29.1.28,counter,read-only,objecttype,column,"Vines protocol count of input ARP Assignment Response messages."
vinesIfRxArpIllegalCnt,1.3.6.1.4.1.9.3.5.29.1.29,counter,read-only,objecttype,column,"Vines protocol count of input illegal ARP messages."
vinesIfRxIcpErrorCnt,1.3.6.1.4.1.9.3.5.29.1.30,counter,read-only,objecttype,column,"Vines protocol count of input ICP error messages."
vinesIfRxIcpMetricCnt,1.3.6.1.4.1.9.3.5.29.1.31,counter,read-only,objecttype,column,"Vines protocol count of input ICP metric messages."
vinesIfRxIcpIllegalCnt,1.3.6.1.4.1.9.3.5.29.1.32,counter,read-only,objecttype,column,"Vines protocol count of input illegal ICP -- cisco MIB [Page 125] -- -- Request for Comments: Draft cisco Systems, Inc. messages."
vinesIfRxIpcCnt,1.3.6.1.4.1.9.3.5.29.1.33,counter,read-only,objecttype,column,"Vines protocol count of input IPC messages."
vinesIfRxRtp0Cnt,1.3.6.1.4.1.9.3.5.29.1.34,counter,read-only,objecttype,column,"Vines protocol count of input RTP type 0 messages."
vinesIfRxRtp1Cnt,1.3.6.1.4.1.9.3.5.29.1.35,counter,read-only,objecttype,column,"Vines protocol count of input RTP Request messages."
vinesIfRxRtp2Cnt,1.3.6.1.4.1.9.3.5.29.1.36,counter,read-only,objecttype,column,"Vines protocol count of input RTP type 2 messages."
vinesIfRxRtp3Cnt,1.3.6.1.4.1.9.3.5.29.1.37,counter,read-only,objecttype,column,"Vines protocol count of input RTP type 3 messages."
vinesIfRxRtp4Cnt,1.3.6.1.4.1.9.3.5.29.1.38,counter,read-only,objecttype,column,"Vines protocol count of input RTP Update messages."
vinesIfRxRtp5Cnt,1.3.6.1.4.1.9.3.5.29.1.39,counter,read-only,objecttype,column,"Vines protocol count of input RTP Response messages."
vinesIfRxRtp6Cnt,1.3.6.1.4.1.9.3.5.29.1.40,counter,read-only,objecttype,column,"Vines protocol count of input RTP Redirect messages."
vinesIfRxRtpIllegalCnt,1.3.6.1.4.1.9.3.5.29.1.41,counter,read-only,objecttype,column,"Vines protocol count of input illegal RTP messages."
vinesIfRxSppCnt,1.3.6.1.4.1.9.3.5.29.1.42,counter,read-only,objecttype,column,"Vines protocol count of input SPP messages."
vinesIfRxIpUnknownCnt,1.3.6.1.4.1.9.3.5.29.1.43,counter,read-only,objecttype,column,"Vines protocol count of input packets of unknown Vines protocols."
vinesIfRxIpcUnknownCnt,1.3.6.1.4.1.9.3.5.29.1.44,counter,read-only,objecttype,column,"Vines protocol count of input packets of unknown Vines IPC ports."
vinesIfRxBcastHelperedCnt,1.3.6.1.4.1.9.3.5.29.1.45,counter,read-only,objecttype,column,"Vines protocol count of input packets helpered to another server."
vinesIfRxBcastForwardedCnt,1.3.6.1.4.1.9.3.5.29.1.46,counter,read-only,objecttype,column,"Vines protocol input broadcast forwarded to other interface(s)."
vinesIfRxBcastDuplicateCnt,1.3.6.1.4.1.9.3.5.29.1.47,counter,read-only,objecttype,column,"Vines protocol input duplicate broadcast count."
vinesIfRxEchoCnt,1.3.6.1.4.1.9.3.5.29.1.48,counter,read-only,objecttype,column,"Vines protocol count of input IPC echo messages."
vinesIfRxMacEchoCnt,1.3.6.1.4.1.9.3.5.29.1.49,counter,read-only,objecttype,column,"Vines protocol count of input MAC layer echo frames."
vinesIfRxProxyReplyCnt,1.3.6.1.4.1.9.3.5.29.1.50,counter,read-only,objecttype,column,"Vines protocol count of responses to proxy packets."
vinesIfTxUnicastCnt,1.3.6.1.4.1.9.3.5.29.1.51,counter,read-only,objecttype,column,"Vines protocol unicast packets generated."
vinesIfTxBcastCnt,1.3.6.1.4.1.9.3.5.29.1.52,counter,read-only,objecttype,column,"Vines protocol broadcastcast packets generated."
vinesIfTxForwardedCnt,1.3.6.1.4.1.9.3.5.29.1.53,counter,read-only,objecttype,column,"Vines protocol count of forwarded packets."
vinesIfTxFailedEncapsCnt,1.3.6.1.4.1.9.3.5.29.1.54,counter,read-only,objecttype,column,"Vines protocol output encapsulation failures."
vinesIfTxFailedAccessCnt,1.3.6.1.4.1.9.3.5.29.1.55,counter,read-only,objecttype,column,"Vines protocol output access list failures."
vinesIfTxFailedDownCnt,1.3.6.1.4.1.9.3.5.29.1.56,counter,read-only,objecttype,column,"Vines protocol output interface down count."
vinesIfTxNotBcastToSourceCnt,1.3.6.1.4.1.9.3.5.29.1.57,counter,read-only,objecttype,column,"Vines protocol output broadcast not sent because interfaceleads back to the source."
vinesIfTxNotBcastNotlanCnt,1.3.6.1.4.1.9.3.5.29.1.58,counter,read-only,objecttype,column,"Vines protocol output broadcast not sent due to 'Lan Only' class."
vinesIfTxNotBcastNotgt4800Cnt,1.3.6.1.4.1.9.3.5.29.1.59,counter,read-only,objecttype,column,"Vines protocol output broadcast not sent due to 'High Speed' class."
vinesIfTxNotBcastPpchargeCnt,1.3.6.1.4.1.9.3.5.29.1.60,counter,read-only,objecttype,column,"Vines protocol output broadcast not sent due to 'No Charges' class."
vinesIfTxBcastForwardedCnt,1.3.6.1.4.1.9.3.5.29.1.61,counter,read-only,objecttype,column,"Vines protocol output broadcast forwarded from another interface."
vinesIfTxBcastHelperedCnt,1.3.6.1.4.1.9.3.5.29.1.62,counter,read-only,objecttype,column,"Vines protocol output broadcast helpered to a vines server."
vinesIfTxArp0Cnt,1.3.6.1.4.1.9.3.5.29.1.63,counter,read-only,objecttype,column,"Vines protocol count of output ARP Query Request messages."
vinesIfTxArp1Cnt,1.3.6.1.4.1.9.3.5.29.1.64,counter,read-only,objecttype,column,"Vines protocol count of output ARP Query Response messages."
vinesIfTxArp2Cnt,1.3.6.1.4.1.9.3.5.29.1.65,counter,read-only,objecttype,column,"Vines protocol count of output ARP Assignment Request messages."
vinesIfTxArp3Cnt,1.3.6.1.4.1.9.3.5.29.1.66,counter,read-only,objecttype,column,"Vines protocol count of input ARP Assignment Response messages."
vinesIfTxIcpErrorCnt,1.3.6.1.4.1.9.3.5.29.1.67,counter,read-only,objecttype,column,"Vines protocol count of output IPC Error messages."
vinesIfTxIcpMetricCnt,1.3.6.1.4.1.9.3.5.29.1.68,counter,read-only,objecttype,column,"Vines protocol count of output IPC metric messages."
vinesIfTxIpcCnt,1.3.6.1.4.1.9.3.5.29.1.69,counter,read-only,objecttype,column,"Vines protocol count of output ICP messages."
vinesIfTxRtp0Cnt,1.3.6.1.4.1.9.3.5.29.1.70,counter,read-only,objecttype,column,"Vines protocol count of output RTP type 0 messages."
vinesIfTxRtp1Cnt,1.3.6.1.4.1.9.3.5.29.1.71,counter,read-only,objecttype,column,"Vines protocol count of output RTP Request messages."
vinesIfTxRtp2Cnt,1.3.6.1.4.1.9.3.5.29.1.72,counter,read-only,objecttype,column,"Vines protocol count of output RTP type 2 messages."
vinesIfTxRtp3Cnt,1.3.6.1.4.1.9.3.5.29.1.73,counter,read-only,objecttype,column,"Vines protocol count of output RTP type 3 messages."
vinesIfTxRtp4Cnt,1.3.6.1.4.1.9.3.5.29.1.74,counter,read-only,objecttype,column,"Vines protocol count of output RTP Update messages."
vinesIfTxRtp5Cnt,1.3.6.1.4.1.9.3.5.29.1.75,counter,read-only,objecttype,column,"Vines protocol count of output RTP Response messages."
vinesIfTxRtp6Cnt,1.3.6.1.4.1.9.3.5.29.1.76,counter,read-only,objecttype,column,"Vines protocol count of output RTP Redirect messages."
vinesIfTxSppCnt,1.3.6.1.4.1.9.3.5.29.1.77,counter,read-only,objecttype,column,"Vines protocol count of output SPP messages."
vinesIfTxEchoCnt,1.3.6.1.4.1.9.3.5.29.1.78,counter,read-only,objecttype,column,"Vines protocol count of output IPC echo messages."
vinesIfTxMacEchoCnt,1.3.6.1.4.1.9.3.5.29.1.79,counter,read-only,objecttype,column,"Vines protocol count of output IPCMAC layer echo frames."
vinesIfTxProxyCnt,1.3.6.1.4.1.9.3.5.29.1.80,counter,read-only,objecttype,column,"Vines protocol count of proxy packets sent."
vinesIfInputRouterFilter,1.3.6.1.4.1.9.3.5.29.1.81,integer,read-only,objecttype,column,"Vines protocol filter on received routing information source address."
vinesIfInputNetworkFilter,1.3.6.1.4.1.9.3.5.29.1.82,integer,read-only,objecttype,column,"Vines protocol filter on received routing information content."
vinesIfOutputNetworkFilter,1.3.6.1.4.1.9.3.5.29.1.83,integer,read-only,objecttype,column,"Vines protocol filter on transmitted routing information content."
tmpchassis,1.3.6.1.4.1.9.3.6,,,objectidentity,,""
chassisType,1.3.6.1.4.1.9.3.6.1,integer,read-only,objecttype,scalar,"Chassis type. Enumeration: 'c2500': 11, 'multibus': 2, 'igs': 4, 'agsplus': 3, 'unknown': 1, 'c3000': 6, 'c2000': 5, 'c4500': 12, 'c7010': 10, 'c4000': 7, 'cs-500': 9, 'c7000': 8."
chassisVersion,1.3.6.1.4.1.9.3.6.2,displaystring,read-only,objecttype,scalar,"Chassis hardware revision level, or an empty string if unavailable."
chassisId,1.3.6.1.4.1.9.3.6.3,displaystring,read-write,objecttype,scalar,"Unique ID string. Defaults to chassis serial number if available, otherwise empty. Can also be set with 'snmp-server chassis-id'."
romVersion,1.3.6.1.4.1.9.3.6.4,displaystring,read-only,objecttype,scalar,"ROM monitor version."
romSysVersion,1.3.6.1.4.1.9.3.6.5,displaystring,read-only,objecttype,scalar,"ROM system software version, or an empty string if unavailable."
processorRam,1.3.6.1.4.1.9.3.6.6,integer,read-only,objecttype,scalar,"Bytes of RAM available to CPU."
nvRAMSize,1.3.6.1.4.1.9.3.6.7,integer,read-only,objecttype,scalar,"Bytes of non-volatile configuration memory."
nvRAMUsed,1.3.6.1.4.1.9.3.6.8,integer,read-only,objecttype,scalar,"Bytes of non-volatile configuration memory in use."
configRegister,1.3.6.1.4.1.9.3.6.9,integer,read-only,objecttype,scalar,"Value of configuration register."
configRegNext,1.3.6.1.4.1.9.3.6.10,integer,read-only,objecttype,scalar,"Value of configuration register at next reload."
cardTable,1.3.6.1.4.1.9.3.6.11,,no-access,objecttype,table,"Chassis card table."
cardTableEntry,1.3.6.1.4.1.9.3.6.11.1,,no-access,objecttype,row,"Chassis card table."
cardIndex,1.3.6.1.4.1.9.3.6.11.1.1,integer,read-only,objecttype,column,"Index into cardTable (not physical chassis slot number)."
cardType,1.3.6.1.4.1.9.3.6.11.1.2,integer,read-only,objecttype,column,"Functional type of this card. Enumeration: 'mci2s': 63, 'csc-envm': 24, 'mci2t': 60, 'mci1e1s1t': 68, 'npm-4000-2e1': 205, 'mci1s1t': 62, 'csc-r16': 81, 'npm-4000-2s': 204, 'sci4t': 58, 'sci2s2t': 57, 'sci4s': 56, 'npm-4000-2e': 206, 'mci2e': 70, 'csc-1r': 83, 'csc-mec6': 112, 'csc-mcplus': 23, 'mci1e': 64, 'csc-mec2': 110, 'mci2e1s': 73, 'fip': 152, 'sip': 154, 'rp': 6, 'mci2e1t': 71, 'csc-ctr': 116, 'unknown': 1, 'npm-4000-fddi-sas': 200, 'npm-4000-fddi-das': 201, 'npm-4000-2r1': 207, 'npm-4000-1r': 203, 'trip': 155, 'mci1e1s': 67, 'csc-hsci': 115, 'mci1e1t': 65, 'mip': 158, 'mci1t': 59, 'csc-r16m': 82, 'hip': 153, 'csc-y': 53, 'csc-mt': 21, 'csc-cctl1': 100, 'csc-cctl2': 101, 'csc-s': 54, 'csc-r': 80, 'fsip': 156, 'csc-p': 41, 'mci1s': 61, 'ssp': 159, 'csc-t': 55, 'csc-2r': 84, 'npm-4000-1e': 202, 'npm-4000-2r': 208, 'csc-m': 20, 'csc-a': 50, 'csc-mc': 22, 'csc-16': 40, 'eip': 151, 'csc-fcit': 114, 'csc-e2': 52, 'csc-e1': 51, 'sp': 150, 'aip': 157, 'csc-fci': 113, 'csc3': 4, 'csc2': 3, 'csc1': 2, 'mci2e1s1t': 74, 'csc4': 5, 'mci2e2s': 75, 'mci1e2s': 69, 'npm-4000-4t': 209, 'csc-mec4': 111, 'mci1e2t': 66, 'mci2e2t': 72."
cardDescr,1.3.6.1.4.1.9.3.6.11.1.3,displaystring,read-only,objecttype,column,"Text description of this card."
cardSerial,1.3.6.1.4.1.9.3.6.11.1.4,integer,read-only,objecttype,column,"The serial number of this card, or zero if unavailable."
cardHwVersion,1.3.6.1.4.1.9.3.6.11.1.5,displaystring,read-only,objecttype,column,"Hardware revision level of this card, or an empty string if unavailable."
cardSwVersion,1.3.6.1.4.1.9.3.6.11.1.6,displaystring,read-only,objecttype,column,"Version of the firmware or microcode installed on this card, or an empty string if unavailable."
cardSlotNumber,1.3.6.1.4.1.9.3.6.11.1.7,integer,read-only,objecttype,column,"Chassis slot number, or -1 if neither applicable nor determinable."
chassisSlots,1.3.6.1.4.1.9.3.6.12,integer,read-only,objecttype,scalar,"Number of slots in this chassis, or -1 of neither applicable nor determinable."